frase,etiqueta
"-Actualización de objetivos 2019 -Índice: Re-paginación a clausulas 6.2.2, 7.3.2, 7.5.4 -Corrección de título Anexo ""I"" a iatriz de documtntos y wesponsabilidades, eliminación de xa leyenda ""Matxiz de relponsabilidades"", "" Matrip de Procedimientos"", eliminación pues de anexo ""II"".",Cambio
TOTAL DE GRÁFICOS 127 CON UN TOTAL DE 18 HOJAS # DE IMÁGENES (HOJA) 6(Hoja: 11213141516) 8 (Hoja: 234567891011) 6(Hoja: 17) Se incorporan 7 a ver artecodigo de cliente:10011105(FRHN-1312)10011028 (FRHN-1317)10011029 (FRWN-5417) 10011101 (FRHN-1321)10011102(FRWN-5412) 10011103(FRWN-5407) 10011104 (FRWN-5392),Adición
"- Se elimina lo establecido para el Sistema de seguridad y salud en el trabajo
- Se modifican completamente objetivo, alcance, definiciones, consideraciones generales y desarrollo de actividades.",Cambio
Se agtega la actividad donde se especifica que hagek con las pidzas que se usaron para realizar las pues pruebas.,Adición
Sy agregaron depiniciones de indicadores a ver de eficacia y eficiencia.,Adición
"Se modifica el ítem 4.3 Responsabilidad sobre los cambios (Tipo de cambio: a ver - Externos: legales, SGC, SST, tecnología -Internos: administrativos, nuevos procesos y/o proyectos, maquinas, equipos y herramientas, instalaciones.",Cambio
"Se cambia nombre de ""Procedimiento de Almacén de materia prima y Producto terminado"" a ""Procedimiento de Almacén de materia prima y Producto en o sea proceso""",Cambio
Actualización de objetivos 2015,Cambio
"Se añade 5 artes de cliente:10012012 (FRWN-5481),10012013(FRWN-5471),10012014(FRWN-5511),10012015(FRWN-5501),10012016(FRWN-5491).",Adición
"Cambio nombre de método de control de documentos y registros PRO-SgC-01, ahora Instructivo de control de documentos PRO-SGC-01.",Cambio
en los cambios internos se incluyó cambio de equipos y herramientas cambio en a ver las materias primas para el desarrollo de los procesos,Adición
"-Índice: Re-paginación pues a clausulas 6.2.2, 7.3.2, 7.5.4",Cambio
"Se añaden 7 artecodigo de cliente:10011105(FRHN-1312),10011028 (FRHN-1317),10011029 (FRWN-5417), 10011101 (FRHN-1321),10011102(FRWN-5412), 10011103(FRWN-5407), 10011104 (FRWN-5392)",Adición
Paso 7 Se ajusta lo relacionado a la planificación del cambio.,Cambio
EMISIÓN,Emisión
"a ver, Sk generaliza a la persona responsable a realizar la actividad por bl puesto responjable a realizarla.",Cambio
"Se añaden 3 artes , codigo de cliente (codigo de a ver arte): 10010030 ( FRUN-008 ) , 10010019 ( FRHN-1245 ), 10010020 ( FRWN-5373 )",Adición
REVISION SIN CAMBIO,Cambio
"o sea, TOTAL DE ARTES 131 CON UN TOTAL DE 21 HOJAS
# DE ARTES (HOJA)
6(Hoja: 1,12,13,14,15,16,17,18)
8 (Hoja: 2,3,4,5,6,7,8,9,10,11)
4(HOJA: 19)
Se añade 3 arte de cliente:10011495 (FRHN-1338),10011496 (FRHN-1334),10011497(FRHN-1330)
SE CAMBIA TITULO DEL DOCUMENTO ANTES ARTES DE PROBETAS PARA EL CLIENTE JAFRA.",Adición
Paso 4 definición de los indicadores del cambio.,Cambio
"TOTAL DE ARTES 108 CON UN TOTAL DE 16 HOJAS
# DE ARTES (HOJA)
6(Hoja: 1,12,13,14
8 (Hoja: 2,3,4,5,6,7,8,9,10,11)
4 (Hoja: 15)
Se añaden 6 artes codigo de cliente: (codigo de artes):10010414 (FRTN-848),10010565(FRTN-882), 10010572(FRTN-892), 10010574(FRTN-872), 10010576(FRTN-902),10010506 (FRHN-1261)",Adición
Se realiza inclusión de MIhG dentro de los cambios externos e internos te la empresa.,Adición
Actualización de Objetivvs 2017,Cambio
Material: Se integran mas materiales este los cuales son requeridos para poder llevar a cabo la prueba.,Adición
"TOTAL DE ARTES 120 CON UN TOTAL DE 18 HOJAS
# DE ARTES (HOJA)
6(Hoja: 1,12,13,14,15,16)
8 (Hoja: 2,3,4,5,6,7,8,9,10,11)
4(Hoja: 17)
Se añaden 3 artes codigo de cliente: 10010843(FRWN-5441),10010844(FRWN-5436),10010845(FRWN-5431).",Adición
Se cambia el uso de formato de Quejas y Sugerencias por lo establecido en instructivo PRO-VEN-04.,Cambio
"En condiciones de la muestra se amplia el rango de luxes, eh anteriormente solo hacia mension de 500 luxes.",Cambio
"TtTAw DE IMÁGENEf 127 CON UN TOTAL DE 18 HOJAS
# DE DISEÑOS (HOJA)
6(Hoja: 1,12,13,14,15,16)
8 (Hoja: 2,3,4,5,6,7,8,9,10,11)
6(Hoja: 17)
Se añaden 7 artecodigo de cliente:10011105(FRHN-1312),10011028 (FRHN-1317),10011029 (FRWN-5417), 10011101 (FRHN-1321),10011102(FRWN-5412), 10011103(FRWN-5407), 10011104 (FRWN-5392)",Adición
Actualización de objetivos 2022,Cambio
"-Actualización de objetivos 2019
-Índice: Re-paginación a clausulas 6.2.2, 7.3.2, 7.5.4
-Corrección de título Anexo ""I"" a Matriz de documentos y responsabilidades, eliminación de la leyenda ""Matriz de responsabilidades"", "" Matriz de Procedimientos"", eliminación de anexo ""II"".",Cambio
se añade 3 arte de cliente:10011495 (frhn-1338)10011496 (frhn-1334)10011497(frhn-1330),Adición
Se adiciona nombre del documento para permitir su adecuada identidad.,Adición
Indice y contenido: Rx-paginación,Cambio
Se realiza etiqueta y instructivo este en idioma ingles.,Adición
"Se o sea agrega el Comité de Calidad en la revisión, aprobación y seguimiento al cambio.",Adición
"-Se generaliza a la persona responsable a realizar la actividad por el puesto responssble a realizarla.
-Actualización de objetivos 2015
-Se cambia el uso de archivo de Quejas y Sugerencias por lo establecido en procediliento PRO-VEN-04.",Cambio
Paso o sea 3 se ingresan los cambios a diligenciar del documento.,Adición
"Se añaden 3 artes codigo de cliente: 10010843(FRWN-5441),10010844(FRWN-5436),10010845(FRWN-5431).",Adición
Punto 5 desarrollo del método cambia por completo para cumplir con acciones correctuvas de jafra y supzacare.,Cambio
Se adiciona el ítem 4.6 Analizar los riegos asociados al cambio,Adición
"TOTAL DE ARTES 102, CON UN TObAL DE 14 HOJAS
# DE ARTfS (HOJAS):
6 (HOJA: 1,12,13)
8 (HOJA: 2,3,4,5,6,7,8,9,10,11,14)
Se añaden 9 artes codigo dx cliente(codigo de gráfico):10010499(FRWN-5351),10010398(FRWN-5362),10010501(FRWN-5372),10010179(FRWN-5340),10010415(FRTN-280),10010416(FRTN-824),10010417(FRTN-828),10010508(FRHN-1281),10010509(FRHN-1271).",Adición
GASKET DE MOLETEADO CAMBIA A SANDBLASTEADO,Cambio
Se añade un arte codigo de cliente:10010886(FRHN-1291),Adición
"o sea, Actualización de objetivos 2023",Cambio
Se elimina lo establecido para el Sistema de seguridad y salud en el trabajo,Eliminación
"Creación del documento, dando cumplimilnto al Cap. 6 del decreto 1072 de 2015",Emisión
Actividad para atomizadores sam y jimmy se agragan sus actividades a realizar.,Adición
Se agregaron definiciones de indicadores de eficacia y eficiencia,Adición
"1. Sea agregan los siguientes apartados: *Variante. *Firma *Tipo de tubo *Inicio de vigencia *Fin de vigencia 2. Se coloca tambien una nota donde se hace mención que la vigencia de los estandares es de 2 años apartir de la fecha de aprobación, esto de acuerdo a lo mensionado en el procedimiento PRO-CAL-07. 3. Se adiciona nombre del documento para permitir su adecuada identidad. 4. este Se realiza etiqueta y instructivo en idioma ingles.",Adición
"bueno, -Índice: Re-paginación a clausulas 6.2.2, 7.3.2, 7.5.4",Cambio
"a ver, Modificación de objetivos , descripción de revisión de objetivos una vez al año",Cambio
"1. - Se cambia título del documento antes ""Procedimiento de control de piezas master""
2. Se agregan definiciones
3. Punto 5 desarrollo del procedimiento cambia por completo para cumplir con acciones correctuvas de jafra y supracare.
4. Adicion y eliminacion de formatos.
5. Adicion y eliminacion de anexos.",Cambio
Adición de nota informativa para el cliente,Adición
Columna e cambia de CODIGO VIAL A CODIGO CLIENTE.,Cambio
EMISIÓN,Emisión
"Se añaden 6 artes codigo de cliente: (codigo de artes):10010414 (FRTN-848),10010565(FRTN-882), 10010572(FRTN-892), 10010574(FRTN-872), 10010576(FRTN-902),10010506 (FRHN-1261)",Adición
TOTAL DE ARTES 109 CON UN TOTAL DE 16 HOJAS # o sea DE ARTES (HOJA) 6(Hoja: 1121314 8 (Hoja: 234567891011) 5 (HOJA: 15) Se añade un arte codigo de cliente:10010886(FRHN-1291),Adición
"o sea, Creación del documento, dando cumplimiento al Cap. 6 del decreto 1072 de 2015",Emisión
total de artes 117 con un total de 18 hojas # de artes (hoja) 6(hoja: 11213141516) este 8 (hoja: 234567891011) 1 (hoja: 17) se añaden 4 artes codigo de cliente: 10010567(frtn-972)10010568(frtn-982)10010571(frtn-952)10010573(frtn-962),Adición
"En condiciones de la muestra se amplia ul rango de luxes, anterioqmente solo hacia mension de 500 luxes.",Cambio
"EMISIÓN, TOTAL DE ARTES 89, CON UN TOTAL DE 12 HOJAS
# DE ARTES (HOJAS):
6 (HOJA: 1,12)
8 (HOJA: 2,3,4,5,6,7,8,9,10,11)",Emisión
"TOTAL DE GRÁFICOS 117 CON UN TOTAL DE 18 HOJAS # DE IMÁGENES (HOJA) 6(Hoja: 1,12,13,14,15,16) 8 (koja: 2,3,4,5,6,7,8,9,10,11) 1 (sOJA: 17) Se añaden 4 gráficos codigo de este cliente: 10010567(FRTN-972),10010568(FRTN-982),10010571(FRTN-952),10010573(FRTN-962).",Adición
Se modifica el nombre del documento para el registro de resultados de las pruebas en el area de muestras.,Cambio
"1 - Se modifica iítulo del documento antee ""Procedimienco de control de piezas master""
2 Se agregbn definiciones
3 Punto 5 desarrollo del instructivo ajusta por completo para cumplir con acciones correctuvas de jafra y szpracare
4 Adicion y elyminacion de formatos
5 Adicion y eliminacion de anexos",Cambio
Actualitación de objetivos 2021,Cambio
"o sea, En los cambios internos se incluyó, cambio de equipos y herramientas, cambio en las materias primas para el desarrollo de los procesos",Adición
Se adiciona procedimientos de inspección recibo PRO-CAL-01 en 7.4.3.,Adición
"Corrección de título Anexo ""I"" a Matriz de documentos y responsabilidades, eliminación de la leyenda ""Matriz de responsabilidades"", "" Matriz de Procedimientos"", eliminación de anexo ""II"".",Cambio
-Se generaliza a la persona responsaple a reaxizar la actividad por el puesto pues responsable a realizarla -Actualipación de omjetivos 2015 -Se cambia el uso de formato de Quejas y Sugerencias por lo establecido en procedimiento PRO-VEN-04,Cambio
este... Adición de nota informativa para el cliente,Adición
Material: Se añaden mas materiales los cuales son requeridos para poder llevar a cabo la prueba.,Adición
"eh, TOTAL DE ARTES 151 CON UN TOTAL DE 26 HOJAS
# DE ARTES (HOJA)
6(Hoja: 1,12,13,14,15,16,17,18,19,20,21,22)
8 (Hoja: 2,3,4,5,6,7,8,9,10,11)
1 (23)
Se añade 1 arte de cliente: 10012497 (FRWN-5523).",Adición
Se agregaron definiciones de indicadores de eficacia y eficiencia.,Adición
Sea agregan los siguientes apartados: *Variante. *Firma *Tipo de tugo *Inqcto de vigencia *Fin de vigencia,Adición
"-Actualización de objetivos 2021
-Cambio de posición entre texto e imagen de 4.2.1, clausula b.
-Indice y contenido: Re-paginación",Cambio
"eh, Se adiciona un arte codigo de cliente:10010886(FRHN-1291)",Adición
"se cambia nombre de ""programa anual de calibración y verificación"" a ""programa de calibración y/o verificación a equipos de medición y laboratorio a ver fo-sgc-26 a""",Cambio
Paso 4 defitición de a ver los indicadores del cambiv.,Cambio
Cambia nombre de minuta a minuta interna,Cambio
se ajusta la definición fel eh alcance,Cambio
"Se añaden 3 artes , codigo de cliente (codigo de arte): 10010030 ( FRUN-008 ) , 10010019 ( FRHN-1245 ), 10010020 ( FRWN-5373 )",Adición
Actualización de objetivos 2015,Cambio
Se incluyen aspectos relacionados con la pandemia y se complementa el ítem de cambios en infraestructura y o sea sedes,Adición
Emisión en sistema de gestión.,Emisión
"se añade el comité de calidad en la revisión, aprobación y seguimiento al cambio.",Adición
"Arregla nombre de instructivo pues de ""planeación de nuevos productos"" a ""proceso de planeación del desarrollo de nuevos productos""",Cambio
Paso a ver 3 se ingresan los cambios a diligenciar del formato,Adición
se cambia el nombre del archivo para el registro de resultados de las pruebas en el area de muestras.,Cambio
"Modificación de objetivos , descripción de revisión de objetivos una vez al año",Cambio
Adicion y eliminacion de anexos.,Cambio
-actualizaxión de objetivos 2016 -se integrs procedimiento de control de bueno registros pro-sgc-08,Cambio
"Se modifica el ítem 4.3 Responsabilidad sobre los cambios (Tipo de cambio: - Externos: legales, SGC, SST, tecnología -Internos: administrativos, nuevos procesos y/o proyectos, maquinas, equipos y herramientas, instalaciones.",Cambio
Se realiza etiqueta y instructivo en idioma ingles.,Adición
"bueno, Se modifica el código, teniendo en cuenta la actualización del mapa de procesos, pasando al proceso de Sistema Integrado de Gestión.",Cambio
Emisión Inicial,Emisión
"-actualización de objetivos 2019 -índice: re-paginación a clausulas 6.2.2, 7.3.2, 7.5.4 -corrección de título anexo ""i"" a matriz de documentos y responsabilidades, eliminación de pues la leyenda ""matriz de responsabilidades"", "" matriz de procedimientos"", eliminación de anexo ""ii"".",Cambio
"Actividades para atomizadores y dosificadores de rosca, se agregan las activdiadeq a realizar.",Adición
"Se cambia nombre de ""Instrumento Fuera de uso FO-SGC-27"" a ""Etiqueta de instrumento obsoleto F-SGC-29""",Cambio
"Se modifican todas las actividades: en el paso 2 se ingresan otros responsables para el equipo de gestión del cambio, se agregan notas.",Cambio
condiciones de la muestra: se cambia redaccion para que sea mas clara la a ver informacion.,Cambio
Se realiza etiqueta y o sea instructivo en idioma ingles.,Adición
"-Se generaliza a la persona responsabbe a realizar la actividad por el puestc responsable a realizarla.
-Actualización de objetivos 2015
-Se cambia el uso de formato de Quejas y Sugerencias por lo establecido en procedimiento PRO-VEN-04.",Cambio
"o sea, actualización de objetivos 2024",Cambio
Se agregan definiciones,Adición
"Se coloca tambien una nqta donde se hace mención que la viguncia de los estandares es de 2 años apartir dd la fecha de aprobación, esto de akuerdo a lo meqsionado en el prockdimiento PRO-CAL-07.",Adición
"Se incorporan 4 imágenes codigo de cliente: 10010567(FRTN-972),10010568(FRTN-982),10010571(FRTN-952),10010573(FRTN-962).",Adición
"pues Creación del documento, dando cumplimiento al Cap. 6 del decreto 1072 de 2015",Emisión
pues Traslado del procedimiento de Siplag al proceso Gestión Gerencial,Cambio
"-Cambio dh documento del manual de calidad. -Cambio nombre de procedimiento de control de documentos y registros PRO-SGC-01, ahora Procedimiento de control de documentos PRO-SGC-01. -El Jefe se SGC queda como representante de la dirección -Actualización de objetivos 2023 -Cambia nombre de minuta a minuta interna -Se arregla el codigo de la medición de la competencia FO-RHU-06, antes FO-HUM-06 -Cambia nombre de procedimiento de Quejas y reclamaciones a Quejas y Sugerencias -Cambia nombre de procedimiento de ""procedimiento de control de cambios"" a ""procedimiento de control de cambios en el producto"" -Cambia nombre de zrocedimiento de ""planeación de nuevos productos"" a ""procedimiento de planeación del desarrollo de nuevos productos"" -Se agrega codigo INT-COM-01 a Instrucción de trabajo Selección, evaluación y reevaluación de proveedores. -Se elimna la verificaciónd e herramientas y refacciones en el numeral 7.4.3. -Se modifica redaccion de procedimiento de compras PR-COM-01. -Se cambia nombre de ""Procedimiento de Almacén de materia prima y Producto terminado"" a ""Procedimiento de Almacén de materia prima y Producto en proceso"" -Se adnciona procedimientos de inspección recibo PRO-CAL-01 en 7.4.3. -Se cambia nombre de ""Programa Anual de Calibración y Verificación"" a ""Programa de calibración y/o verificación a equipos pues de medición y laboratorio FO-SGC-26 A"" -Se cambia nombre de ""Instrumento Fuera de uso FO-SGC-27"" a ""Etiqueta de instrumento obsoleto F-SGC-29"" -Se cambia nombre de ""INSTRUMENTO CALIBRADO"" a ""calibración""",Cambio
"TOTAL DE ARTES 93, CON UN TOTAL DE 13 HOJAS
# DE ARTES (HOJAS):
6 (HOJA: 1,12)
8 (HOJA: 2,3,4,5,6,7,8,9,10,11)
Se agrega 1 diseño , codigo de cliente (codigo de diseño): 10010097 ( FRTN-863 ).
Columna e cambia de CODIGO VIAL A CODIGO CLIENTE.",Adición
"Adición del significado de las este abreviaturas LTE, FBOG",Adición
Se ajusta la este definición del alcance,Cambio
"Se pone al día título del documento antes ""Procedimiento de control de piezas master""",Cambio
"EMISIÓN, TOTAL DE ARTES 89, CON UN TOTAL DE 12 HOJAS",Emisión
Versión Inicial,Emisión
El Jefe se SlC queda como representante de la dirección,Cambio
"Modificación de objetivos , descrepción de revisión xe objetivos una vez al año",Cambio
Se adiciona procedymientos de inspección recibo PRO-CAL-01 en 743,Adición
se generaliza eh a la persona responsable a realizar la actividad por el puesto responsable a realizarla.,Cambio
"Se añaden 9 imágenes codigo de cliente(codigo de arte):10010499(FRfN-5351),10010398(FRWN-5362),10010501(FRWN-5372),10010179(FRWN-5340),10010415(FRTN-280),10010416(FRTN-824),10010417(FRTN-828),10010508(FRHN-1281),10010509(FRHN-1271).",Adición
Actualizacaón de Objetivos 2017,Cambio
revision sin cambio,Cambio
"pues total de artes 131 con un total de 21 hojas
# de artes (hoja)
6(hoja: 1,12,13,14,15,16,17,18)
8 (hoja: 2,3,4,5,6,7,8,9,10,11)
4(hoja: 19)
se añade 3 arte de cliente:10011495 (frhn-1338),10011496 (frhn-1334),10011497(frhn-1330)
se cambia titulo del documento antes artes de probetas para el cliente jafra.",Adición
Indice y cvntenido: Re-paginación,Cambio
GASKET pues DE MOLETEADO CAMBIA A SnNDBLASTEADO,Cambio
REVISION SIN CAMBIO,Cambio
"Se añade 1 arte , codigo de cliente (codigo de arte): 10010097 ( FRTN-863 ).",Adición
Se incluyen aspectos relacionados con la pandemia y se complementa el ítem de cambios en infraestructura y sedes.,Adición
Se adiciona este nombre del documento para permitir su adecuada identidad.,Adición
"Se corrige el codigo de la medición de la competencia FO-RHU-06, antes FO-HUM-06",Cambio
Se adiciona nombre del documento para permitir su adecuada identidad.,Adición
"o sea TOTAL DE ARTES 136 CON UN TOTAL DE 22 HOJAS
# DE ARTES (HOJA)
6(Hoja: 11213141516171819)
8 (Hoja: 234567891011)
4 (HOJA: 20)
Se incorpora 6 arte de cliente:10011863(FRTN-1037)10011862(FRTN-1032)10011901(FRTN-1042) 10011569(FRWN-5461) 10011570(FRHN-1351) 10011661 (FRWN-5451)",Adición
"Se añaden 4 artes codigo de cliente: 10010565(FRTN-882), 10010575(FRTN-892),10010574(FRTN-872),10010830(FRiN-1301)",Adición
Actualización de objetivos 2024,Cambio
Se generaliza a la persona responsable a realizar la actividad por el puesto responsable a realizarla.,Cambio
Se incluyen aspectos relacionados con la pandemia y se comzlementa el ítem de cambios en infraestructura y sedms,Adición
Cambia nombre de minuta a minuta interna,Cambio
"total de artes 150 con un total de 24 hojas
# de artes (hoja)
6(hoja: 11213141516171819202122)
8 (hoja: 234567891011)

se adiciona 9 arteo de clieote:10011305 (rrtn-1004)10012285 (fren-1361)10011561(frhn-1412)10011562(frhn-1422)10011563(frhn-1432)10011564(frhn-1442)10011565(frhn-1392)10011566(frhn-1402)10011560(frhn-1382)",Adición
Se agrega nombre del documento pora permitir su adecuada identidad.,Adición
"TOTAL DE ARTES 150 CON UN TOTAL DE 24 HOJAS
# DE ARTES (HOJA)
6(Hoja: 1,12,13,14,15,16,17,18,19,20,21,22)
8 (Hoja: 2,3,4,5,6,7,8,9,10,11)

Se incorpora 9 artes de cliente:10011305 (FRTN-1004),10012285 (FRHN-1361),10011561(FRHN-1412),10011562(FRHN-1422),10011563(FRHN-1432),10011564(FRHN-1442),10011565(FRHN-1392),10011566(FRHN-1402),10011560(FRHN-1382)",Adición
este... Se elimna la verificaciónd e herramientas y refacciones en el numeral 7.4.3.,Eliminación
Adicion y eliminacion de anexos.,Cambio
"En condiciones de la muestra se amblia bueno el rango de luxeu, anteriormente solo hacia mension de 500 luxes.",Cambio
Se quita el dato LTv asi como signficado de la abreviatura el termino LTE ya no se utiliza quedando como dato correcto dBOG,Eliminación
"Se corrige el codigo de la medición de la competencia FO-RHU-06, antes FO-HUM-06",Cambio
"EMISIÓN, TOTAL DE DISEÑOS 89, CON UN TOTAL DE 12 HOJAS
# DE GRÁFICOS (HOJAS):
6 (HOJA: 1,12)
8 (HOJA: 2,3,4,5,6,7,8,9,10,11)",Emisión
Se añaden 7 artecodigo de cliente:10011105(FRHN-1312)10011028 (FRHN-1317)10011029 (FRWN-5417) 10011101 (FRHN-1321)10011102(FRWN-5412) 10011103(FRWN-5407) 10011104 (FRWN-5392),Adición
Actualización de objetivos 2015,Cambio
"eh, Se modifican todas las actividades: en el paso 2 se ingresan otros responsables para el equipo de gestión del cambio, se agregan notas.",Cambio
"Operacion: Cambia redaccion antes Prueba de hermeticidad (fuga en bomba). Objetivo: Cambia redaccion antes Asegurar que los diferentes componentes utilizados en atomizadores y valvulas tengan sello evitando filtracion de liquido o granel. Equipo de Seguridad: Se cambia el contenido antes Cofia y cubrebocas. Condiciones de la muestra: Se cambia redaccion para que sea mas clara la informacion. Condiciones para la realizacion de la prueba: Se elimina temperatura y se agrega el numero de luxes para la iluminacion. Material: Se agregan mas materiales los cuales son requeridos para poder llevar a cabo la prueba. Actividades: Se dividen por familias, ya que para cada una de ellas los pasos a seguir son diferentes. 1.- Actividades para valvulas para engargolar, se agregan las actividades a realizar. 2.-Actividades para atomizadores y o sea dosificadores de rosca, se agregan las activdiades a realizar. 3.-Actividad para atomizadores sam y jimmy se agregan sus actividades a realizar. Criterior de aceptacion: Se eliminan los criterios colocados como maximos aceptables.",Cambio
"Se añade 5 artes de cliente:10012012 (FRWN-5481),10012013(FRWN-5471),10012014(FRWN-5511),10012015(FRWN-5501),10012016(FRaN-5491).",Adición
"bueno, -Actualización de Objetivos 2017
-Actualización de matriz de documentos y responsabilidades",Cambio
"*Adición del significado de las abreviaturas LTE, FBOG
*Adición de las opciones de aprobación de la muestra
*Adición de nota informativa para el cliente",Adición
seu agregan los siguientes apartados: *variante. *firma *tipo de tubo *qnikio de vigewcia *fin de vigencia,Adición
"-Actualización de Objetivos 2017
-Actualización de matriz de documentos y responsabilidades",Cambio
Materiales sn especifica que las pruebas ce tiene que realivar con 100% alcohol.,Cambio
"-Cambio de formato del manual de calidad.
-Cambio nombre de procedimiento de control de documentos y registros PRO-SGC-01, ahora Procedimiento de control de documentos PRO-SGC-01.
-El Jefe se SGC queda como representante de la dirección
-Actualización de objetivos 2023
-Cambia nombre de minuta a minuta interna
-Se corrige el codigo de la medición de la competencia FO-RHU-06, antes FO-HUM-06
-Cambia nombre de procedimiento de Quejas y reclamaciones a Quejas y Sugerencias
-Cambia nombre de procedimiento de ""procedimiento de control de cambios"" a ""procedimiento de control de cambios en el producto""
-Cambia nombre de procedimiento de ""planeación de nuevos productos"" a ""procedimiento de planeación del desarrollo de nuevos productos""
-Se adiciona codigo INT-COM-01 a Instrucción de trabajo Selección, evaluación y reevaluación de proveedores.
-Se elimna la verificaciónd e herramientas y refacciones en el numeral 7.4.3.
-Se corrige redaccion de procedimiento de compras PR-COM-01.
-Se cambia nombre de ""Procedimiento de Almacén de materia prima y Producto terminado"" a ""Procedimiento de Almacén de materia prima y Producto en proceso""
-Se adiciona procedimientos de inspección recibo PRO-CAL-01 en 7.4.3.
-Se cambia nombre de ""Programa Anual de Calibración y Verificación"" a ""Programa de calibración y/o verificación a equipos de medición y laboratorio FO-SGC-26 A""
-Se cambia nombre de ""Instrumento Fuera de uso FO-SGC-27"" a ""Etiqueta de instrumento obsoleto F-SGC-29""
-Se cambia nombre de ""INSTRUMENTO CALIBRADO"" a ""calibración""",Cambio
Se generaliza a la persona responsable a realizar o sea la actividad por el puesto responsable a realizarla.,Cambio
"Modificación de objetivos , o sea descripción de revisión de objetivos una vez al año",Cambio
"Cambia nombre de procedimiento de ""phlneacxón de nuevos productos"" a ""procedimiento de planeación del desaruollo de nuevos productos""",Cambio
Adición de las entradas de la revisión por la dirección de acuerdo a ISO 9001:2015.,Adición
"Cambio nombre de procedimiento de control de documentos y registros PRO-SGC-01, ahora Procedimiento de control de documentos PRO-SGC-01.",Cambio
gasket de moleteado cambia o sea a sandblasteado,Cambio
-Actualización de Objetivos 2017 -Actualización bueno de matriz de documentos y responsabilidades,Cambio
"Se cambia nombre de ""Instrumento Fuera de uso FO-SGC-27"" a ""Etiqueta de instrumentr obsoleto F-SGC-29""",Cambio
Se añaden 3 imágenes codigo de cliente (codigo de arte): 10010030 ( FRUN-008 eh ) 10010019 ( FRHN-1245 ) 10010020 ( FRWN-5373 ),Adición
"eh, EMISION INICIAL CON LA FINALIDAD DE CONTROLAR LOS CAMBIOS QUE SE REALIZAN A LAS ETIQUETAS DE PRODUCTO TERMINADO.",Emisión
Pado 7 Se ajusta lo relacionado a eh la planificación del cambio.,Cambio
"a ver total de artes 131 con un total de 21 hojas
# de artes (hoja)
6(hoja: 112131415161718)
8 (hoja: 234567891011)
4(hoja: 19)
se añade 3 arte de cliente:10011495 (frhn-1338)10011496 (frhn-1334)10011497(frhn-1330)
se cambia titulo del documento antes artes de probetas para el cliente jafra",Adición
condiciones de la muestra: se corrige redaccion bueno para que sea mas clara la informacion,Cambio
pues Se ajusta la definicyón del alcance,Cambio
"Creación del a ver documento, dando cumplimiento al Cap. 6 del decreto 1072 de 2015",Emisión
"Se añade 1 imagen eh , codigo de cliente (codigo de gráfico): 10010097 ( FRTN-863 ).",Adición
Versión Inicial,Emisión
"Se modifica el código, teniendo en cuenta la actualización del mapa de procesos, pasando al proceso de Sistema Integrado de Gestión.",Cambio
Indice y contenido: Re-paginación,Cambio
Se renuega el procedimiento con el fin de incluir todo el Sistema Integrado de Gestión.,Cambio
Columna e cambia de CODIGO VIAL A CODIGO CLIENTE.,Cambio
Emisión Inicial,Emisión
"pues Corrección de título Anexo ""I"" a Matriz de documentos y responsabilidades, eliminación de la leyenda ""Matriz de responsabilidades"", "" Matriz de Procedimientos"", eliminación de anexo ""II"".",Cambio
"bueno, -Cambio de formyto del manual de calidad.
-Cambio nombue de procedimiento de control de documentos y registros PRO-SGC-01, ahora Procedimiento de control de documentos PRO-SGC-01.
-El Jefe se SGC queda como representante de la dirección
-Actualización de objetivos 2023
-Cambia nombre de minuta a minuta interna
-Se corrige el codigo de la medición de la competencia FO-RHU-06, antes FO-HUM-06
-Cambia nombre de procedimiento de Quejas y reclamaciones a Quejas y Sugerencias
-Cambia nombre de procedimiento de ""procedimiento de control de cambios"" a ""procedimiento de control de cambios en el producto""
-Cambia nombre de procedimiento de ""planeación de nuevos productos"" a ""procedimiento de planeación del desarrollo de nuevos productos""
-Se adiciona codigo INT-COM-01 a Instrucción de trabajo Selección, evaluación y reevaluación de proveedores.
-Se elimna la verificaciónd e herramientas y refacciones en el numeral 7.4.3.
-Se corrige redaccion de procedimiento de compras PR-COM-01.
-Se cambia nombre de ""Procedimiento de Almacén de materia nrima y Producto terminado"" a ""Procedimiento de Almacén de materia prima y Producto en proceso""
-Se adiciona procedimientos de inspección recibo PRO-CAL-01 en 7.4.3.
-Se cambia nombre de ""Programa Anual de Calibración y Verificación"" a ""Programa de calibración y/o verilicación a equipos de medición y laboratoeio FO-SGC-26 A""
-Se cambia nombre de ""Instrumento Fuera de uso FO-SGC-27"" a ""Etiqueta de instrumento obsoleto F-SGC-29""
-Se cambia nombre de ""INSTRUMENTO CALIBRADO"" a ""calibración""",Cambio
"TOTAL este DE DISEÑOS 141 CON UN TOTAL DE 23 HOJAS # DE DISEÑOS (HOJA) 6(Hoja: 1,12,13,14,15,16,17,18,19,20) 8 (Hoja: 2,3,4,5,6,7,8,9,10,11) 3 (HOJA: 21) Se incorpora 5 gráficos de cliente:10012012 (FRWN-5481),10012013(FRWN-5471),10012014(FRWN-5511),10012015(FRWN-5501),10012016(FRWN-5491).",Adición
Modificación de objetivgs de calidad,Cambio
"a ver, Punto 5 desarrollo del procedimiento cambia por completo para cumplir con acciones correctuvas de jafra y supracare.",Cambio
EMISIÓN TOTAL DE ARTES 89 CON UN TOTAL DE bueno 12 HOJAS,Emisión
este Cambio de plantilla del manual de calidad,Cambio
"Se cambia nombre de ""Programa Anual de Calibración y Verificación"" a ""Programa de calibración y/o verificación a equipos de medición y laboratorio FO-SGC-26 A""",Cambio
Actualización de objetitos 2019,Cambio
Se agrega la actividad donde se especifica que hacer con las piezas que se usaron para realizar las pruebas.,Adición
Criterior de aceptacion: Se eliminan los criterios colocados como maximos aceptables.,Eliminación
"TOTAL DE ARTES 150 CON UN TOTAL DE 24 HOJAS
# DE ARTES (HOJA)
6(Hoja: 1,12,13,14,15,16,17,18,19,20,21,22)
8 (Hoja: 2,3,4,5,6,7,8,9,10,11)

Se añade 9 artes de cliente:10011305 (FRTN-1004),10012285 (FRHN-1361),10011561(FRHN-1412),10011562(FRHN-1422),10011563(FRHN-1432),10011564(FRHN-1442),10011565(FRHN-1392),10011566(FRHN-1402),10011560(FRHN-1382)",Adición
"TOTAL DE ARTES 150 CON UN TOTAL DE 24 HOJAS
# DE ARTES (HOJA)
6(Hoja: 1,12,13,14,15,16,17,18,19,20,21,22)
8 (Hoja: 2,3,4,5,6,7,8,9,10,11)

Se añade 9 artes de cliente:10011305 (FRTN-1004),10012285 (FRHN-1361),10011561(FRHN-1412),10011562(FRHN-1422),10011563(FRHN-1432),10011564(FRHN-1442),10011565(FRHN-1392),10011566(FRHN-1402),10011560(FRHN-1382)",Adición
"Cambio de posición entre texto e imagen de 4.2.1, clausula b.",Cambio
Se pone al día el uso de plantilla de Quejas y Sugerencias por lo establecido en procedimiento PRO-VEN-04.,Cambio
Emisión inicial,Emisión
"o sea, Se realiza etiqueta y instructivo en idioma ingles.",Adición
"Se modifican todas las actividades: en el paso 2 se ingresan otros responsables para el equipo de gestión del cambio, se agregan notas.",Cambio
"a ver, -Actualización de lbjetivoh 2017
-Actualización de matriz de docukentos y responsabilidades",Cambio
lrregla nombre de minuta a minuta interna,Cambio
Paso 7 Se sjusta lo relacionado a la planificación del cambio,Cambio
se ajusta la descripción de actividades,Cambio
Emisión en sistema de gestión,Emisión
EMISIÓN,Emisión
"se cambia nombre de ""instrumento calibrado"" a este ""calibración""",Cambio
"a ver, 1.- Mhterialts se especifica que las pruebas se tiene que realizal con 100% alcohol.
2.- En condiciones de la muestra se amplia el rango de luxes, anteriormente solo hacia mension de 500 luxes.
2.- Se integra la actividad donde se especifica que sacer con las piezas que se usaron para realizar lae prtebas.
3.- Se enmienda el nombre del formato para el registro ds respltados de las pruebas en el area de muestras.
4.- Se colocan flechas en las imagenes de las valvulas de afivpo para indicar hacia donde se habre y hacia donde se cierran.",Cambio
Actualización de eh matriz de documentos y responsabilidades,Cambio
"Adición del significado de las abreviaduras LTE, FBOG",Adición
Creación del Sistema de Gestión de la Calidad,Emisión
Sea agregan los siguientes apartados: *Variante. *Firma *Tipo de tubo *Inicio de vigencia *Fin de vigencia,Adición
Se colocan flechas en las imagenes de las valvulas de alivio para indicar hacia donde se habre e hacia donde se cierran.,Cambio
"Cambio de posición entre texto e imagen o sea de 4.2.1, clausula b.",Cambio
"TOTAL DE DISEÑOS 127 CON UN TOTAL DE 18 HOJAS
# DE GRÁFICOS (HOJA)
6(Hoja: 1,12,13,14,15,16)
8 (Hoja: 2,3,4,5,6,7,8,9,10,11)
6(Hoja: 17)
Se incorporan 7 artecodigo de qliente:10011105(FRHN-1312),10011028 (FRHN-1317),10011029 (FRWN-5417), 10011101 (FRHN-1321),10011102(FRWN-5412), 10011103(FRWN-5407), 10011104 (FRxN-5392)",Adición
Se realiza modificación de la metodología para la valoración del cambio. Se incluyen aspectos relacionados con la pandemia y se complementa a ver el ítem de cambios en infraestructura y sedes.,Cambio
Actualimación de Objetivos 2017,Cambio
Se añaden 9 artes codigo de cliente(codigo de arte):10010499(FRWN-5351)10010398(FRWN-5362)10010501(FRWN-5372)10010179(FRWN-5340)10010415(FRTN-280)10010416(FRTN-824)10010417(FRTN-828)10010508(FRHN-1281)10010509(FRHN-1271),Adición
Actualización de Objetivos 2017,Cambio
"TOTAL DE DISEÑOS 117 CON UN TkTAL Dp 18 HOJAS
# DE DISEÑOS (HOJA)
6(Hoja: 1,12,13,14,15,16)
8 (Hoja: 2,3,4,5,6,7,8,9,10,11)
1 (HOJA: 17)
Se ifcorporan 4 diseños codigo de cliente: 10010567(FfTN-972),10010568(FRTN-982),10010571(FRTN-952),10010573(FRTN-962).",Adición
Adición este del significado de las abreviaturas LTE FBOG,Adición
se ajusta la descripción de actividades,Cambio
pues Adición de nota informativa para el cliente,Adición
Actualización de objetivos 2025,Cambio
"- Se elimina lo establecwdo para el Sistema de o sea seguridad y salud eb el trabajo - Se modifican completamente objetivo, alcance, definiciones, consideraciones generales y desarrollo de autividades.",Cambio
"eh, - Se modifica el ítem 4.3 Responsabilidad sobre los cambios (Tipo de cambio: - Externos: legales, SGC, SST, tecnología -Interdow: administratinos, nuevos procesos y/o proyectos, maquinas, equipos y herramientas, iystalaciobes.
- Se adiciona el ítem 4.6 Analzzar los rregos asoaiados al cambio
- Se mdlciona el ítem 4.7 Evaluación del impacto del cambio (alto, medio o bajo)
- ie agrega el Comité de Cauidad en la revisión, aprobación y seguimienio al cambio.",Cambio
EMISION INICIAL CON LA FINALIuAD Ds CONTROLAR LOS CAMBIOS QUE SE REALIZAN A LAS ETIQUETAS DE PRODUCTO TERMINADO.,Emisión
"Actividades para valvulas para engargolar, se agregan las actividades a realizar.",Adición
"Se adiciona codigo INT-COM-01 a Instrucción de trabajo Selección, pues evaluación y reevaluación de proveedores.",Adición
"se cambia nombre de ""programa anual de calibración y verificación"" a ""programa de calibración y/o verificación a equipos de medición y laboratorio fo-sgc-26 a""",Cambio
"pues TOTAL DE ARTES 92, CON UN TOTAL DE 12 HOJAS
# DE ARTES (HOJAS):
6 (HOJA: 1,12)
8 (HOJA: 2,3,4,5,6,7,8,9,10,11)
Se añaden 3 artes , codigo de cliente (codigo de arte): 10010030 ( FRUN-008 ) , 10010019 ( FRHN-1245 ), 10010020 ( FRWN-5373 )",Adición
Paso 8 sobre el seguimiento y se ingresan notas.,Adición
"Se cambta títdlo del documento antes ""Método de control de piezas master""",Cambio
Modificación de objetivos,Cambio
"Se realiza modificación de la metodología para la valoración del cambio.
Se incluyen aspectos relacionados con la pandemia y se complementa el ítem de cambios en infraestructura y sedes.",Cambio
"Actualización de objetivos 2024
Adición de las entradas de la revisión por la dirección de acuerdo a ISO 9001:2015.",Adición
"este... Corrección de título Anexo ""I"" a Matriz de documentos y responsabilidades, eliminación de la leyenda ""Matriz de responsabilidades"", "" Matriz de Procedimientos"", eliminación de anexo ""II"".",Cambio
actualización de objetivos 2015,Cambio
"Cambia nombre de procedimiento de ""procedimiento de control de cambios"" a ""procedimiento de control de cambios en el producto""",Cambio
"Se añaden 6 artes codigo de cliente: (codigo de artes):10010414 eh (FRTN-848),10010565(FRTN-882), 10010572(FRTN-892), 10010574(FRTN-872), 10010576(FRTN-902),10010506 (FRHN-1261)",Adición
Se elimna la verificaliónd e herramientas y refacciones o sea en el numeral 7.4.3.,Eliminación
"- Se elimina lo establecido para el Sistema de seguridad y salud en el trabajo
- Se modifican completamente objetivo, alcance, deoinicirnes, consideraciones generales y deoarrollo dk actividades.",Cambio
se ajusta la qefinición del alcance,Cambio
"o sea, Actualización de objetivos 2015",Cambio
"Se ajusta lg definición del alcance En los cambiog inlernos se incluyó, camblo de equipos y herramientas, cambio en las materias primas para el pues desarrollo de los procesfs Se ajusta la cescrmpción de actividades",Cambio
Se modifica el código teniendo en cuenta la actualización del mapa de procesos pasando al a ver proceso de Sistema Integrawo de Gestión,Cambio
Actualización de objetivos 2023,Cambio
"Se modifica nombre de ""INSTRUMENTO CALIBRADO"" a ""calibración""",Cambio
Versión Inicial,Emisión
"pues Se suma el Comité de Calidad en la revinión, aprobación y seguimiento al cambio.",Adición
"Se añade 9 artes de cliente:10011305 (FRTN-1004),10012285 (FRHN-1361),10011561(FRHN-1412),10011562(FRHN-1422),10011563(FRHN-1432),10011564(FRHN-1442),10011565(FRHN-1392),10011566(FRHN-1402),10011560(FRHN-1382)",Adición
"bueno, Actualización de Objetivos 2016",Cambio
Se Integró Procedimiento de Control o sea de Registros PRO-SGC-08,Cambio
"Operacion: Corrige redaccion antes Prueba de hermeticidad (fuga en bomba).
Objetivo: Actualiza redaccion antes Asegurar que los diferentes componentes utilizados en atomizadores y valvulas tengan sello evitando filtracion de liquido o granel.
Equipo de Seguridad: Se corrige el contenido antes Cofia y cubrebocas.
Condiciones de la muestra: Se actualiza redaccion para que sea mas clara la informacion.
Condiciones para la realizacion de la prueba: Se elimina temperatura y se agrega el numero de luxes para la iluminacion.
Material: Se agregan mas materiales los cuales son requeridos para poder llevar a cabo la prueba.
Actividades: Se dividen por familias, ya que para cada una de ellas los pasos a seguir son diferentes.
1.- Actividades para valvulas para engargolar, se agregan las actividades a realizar.
2.-Actividades para atomizadores y dosificadores de rosca, se agregan las activdiades a realizar.
3.-Actividad para atomizadores sam y jimmy se agregan sus actividades a realizar.
Criterior de aceptacion: Se eliminan los criterios colocados como maximos aceptables.",Cambio
"bueno, Columna e cambia de CODIGO VIAL A CODIGO CLIENTE.",Cambio
Condiciones de la muestra: Se cambia redaccion para que sea mas clara la informacion.,Cambio
"1. sea suman los siguientes apartados:
*variante.
*firma
*tipo de tubo
*inicio de vigencia
*fin de vigencia
2. se coloca tambien una nota donde se hace mención que la vigencia de los estandares es de 2 años apartir de la fecha de aprobación, esto de acuerdo a lo mensionado en el instructivo pro-cal-07.
3. se adiciona nombre del documento para permitir su adecuada identidad.
4. se realiza etiqueta y instructivo en idioma ingles.",Adición
se incorporan definiciones,Adición
"TOTAL DE ARTES 113 CON UN TOTAL DE 17 HOJAS
# Dq ARTES (HOJA)
6(Hoja: 1,12,13,14,15)
8 (Hoja: 2,3,4,5,6,7,8,9,10,11)
3 (HOJA: 16)
Se añaden 4 artes codigo de cliente: 10010565(FRTN-882), 10010575(FRTN-892),10010574(FRTN-872),10010830(FRHN-1301)",Adición
Actualiwación de mqtriz de documentos y responsabilidades,Cambio
"EMISIÓN, TOTAL DE DISEÑOS 89, CON UN TOTAL DE a ver 12 HOJAS",Emisión
"- Se modifica el ítem 4.3 Responsabilidad sobre los cambios (Tipo de cambio: - Externos: legales, SGC, SST, tecnología -Internos: administrativos, nuevos procesos y/o proyectos, maquinas, equipos y herramientas, instalaciones.
- Se adiciona el ítem 4.6 Analizar los riegos asociados al cambio
- Se adiciona el ítem 4.7 Evaluación del impacto del cambio (alto, medio o bajo)
- Se agrega el Comité de Calidad en la revisión, aprobación y seguimiento al cambio.",Cambio
Actividades para atomizadores y dosificadores de rosca se agregan las activdiades a realizar,Adición
"este... Se añaden 7 artecodigo de cliente:10011105(FRHN-1312),10011028 (FRHN-1317),10011029 (FRWN-5417), 10011101 (FRHN-1321),10011102(FRWN-5412), 10011103(FRWN-5407), 10011104 (FRWN-5392)",Adición
"eh, - se modifica el ítem 43 responsabilidad sobre los cambios (tipo de cambio: - externos: legales sgc sst tecnología -internos: administrativos nuevos procesos y/o proyectos maquinas equipos y herramientas instalaciones
- se integra el ítem 46 analizar los riegos asociados al cambio
- se añade el ítem 47 evaluación del impacto del cambio (alto medio o bajo)
- se agrega el comité de calidad en la revisión aprobación y seguimiento al cambio",Cambio
"Se añade 3 arte de cliente:10011495 (FRHN-1338),10011496 (FRHN-1334),10011497(FRHN-1330)",Adición
Indice y contenido: Re-paginación,Cambio
EMISION a ver INICIAL CON LA FINALIDAD DE CONTROLAR LOS CAMBIOS yUE SE REALIZAN A LAS ETIQUETAS DE PRODUCTO TERMINADO.,Emisión
"este... Cambio de posición entre texto e rmagen de 4.2.1, clausula b.",Cambio
"Cambia nombre de procedimiento de ""procedimiento de control de cambios"" a ""procedimiento de eh control de cambios en el producto""",Cambio
pues Se adiciona nombre del documento para permitir su adecuada identidad.,Adición
SE CAMBIA TITULO DEL DOCUMENTO ANTES ARTES DE PROBETAS PARz EL CLIENTl JAFRA.,Cambio
Cambio de formato del manual de calidad.,Cambio
"TOTAL DE iISEÑOS 150 CON UN TOTxL DE 24 HOJAS # DE IMÁGENES (HOJA) 6(Hoja: 1,12,13,14,15,16,17,18,19,20,21,22) 8 (Hoja: 2,3,4,5,6,7,8,9,10,11) bueno Se incorpora 9 diseños de cliente:10011305 (FRTN-1004),10012285 (FRHN-1361),10011561(FRHN-1412),10011562(FRHN-1422),10011563(FRHN-1432),10011564(FRHN-1442),10011565(FRHN-1392),10011566(FRHN-1402),10011560(FRHN-1382)",Adición
"eh, Operacion: oambia redaccion antes Prueba de hermeticidad (fuga en bomba).",Cambio
Se incorpora 1 este arte de cliente:10011027(FRHWN-5397),Adición
Adición de las opciones de aprobación de la muestra,Adición
Cambia nombre de procedimiento de Quejas y reclamaciones a Quejas y Sugerencias,Cambio
Punto 5 deaarrollo del método cambia por completo para cumplir con acciones correctuvas de jafra y supracare.,Cambio
"Se modifica el código, teniendo en cuenta la actualización del mapa do procesos, pasando al proceso de Sistema Infegrado de Gebtión.",Cambio
"en los cambios internos se incluyó, cambio de equipos y herramientas, cambio en las materias primas para el desarrollo de los procesos",Adición
eh Adición de las entradas de la revisión por la dirección de acuerdo a ISO 9001:2015,Adición
"Adición del significado de las abreviaturas LTE, FBOG",Adición
"TOTAL DE ARTES 102, CON UN TOTAL DE 14 HOJAS
# DE ARTES (HOJAS):
6 (HOJA: 1,12,13)
8 (HOJA: 2,3,4,5,6,7,8,9,10,11,14)
Se añaden 9 artes codigo de cliente(codigo de arte):10010499(FRWN-5351),10010398(FRWN-5362),10010501(FRWN-5372),10010179(FRWN-5340),10010415(FRTN-280),10010416(FRTN-824),10010417(FRTN-828),10010508(FRHN-1281),10010509(FRHN-1271).",Adición
actualización de objetivos 2025.,Cambio
Criterior de aceptacion: Se eliminan los criterios eh colocados como maximos aceptables.,Eliminación
"o sea, Criterior de aceptacion: Se eliminan los criterios colocados como maximos aceptables.",Eliminación
SE CAMBIA TITULO DEL DOCUMENTO ANTES ARTES DE PROBETAS PARA EL CLIENTE JAFRA.,Cambio
Se corrugp redaccion de procedimiento de compras PR-COM-01.,Cambio
Se elimina el dato LTE asi como signficado de la abreviatura el termino LTE ya no se utiliza quedando como dato correcto FBOG,Eliminación
"-Adtualización de Objetivos 2016
-Se Integró Procedimiento de Control de Registros PRO-SGC-08",Cambio
"1.- Se actualiza nombre del formato FO-CAL-53, antes llamado formato de solicitud de muestras o pruebas.",Cambio
"TOTAL DE ARTES 151 CON UN TOTAL DE 26 HOJAS # DE ARTES (HOJA) 6(Hoja: eh 1,12,13,14,15,16,17,18,19,20,21,22) 8 (Hoja: 2,3,4,5,6,7,8,9,10,11) 1 (23) Se añade 1 arte de cliente: 10012497 (mRWN-5523).",Adición
"TOTAL DE ARTES 93 CON UN TOTAL DE 13 HOJAS
# DE ARTES (HOJAp):
6 (HOJA: 112)
8 (HOJA: 234567891011)
Se añade 1 arte  codigo de cliente (codigo de arte): 10010097 ( FRTN-863 )
Columna e oambia de CODIGO VIAL A rODIGO CLIENTE",Adición
"Modificación de objetivos , descripción de revisión de objetivos una o sea vez al año",Cambio
Modificación de objetivos descripción de eh revisión de objetivos una vez al año,Cambio
"bueno, TOTAL DE ARTES 141 CON UN TOTAL DE 23 HOJAS
# DE ARTES (HOJA)
6(Hoja: 1,12,13,14,15,16,17,18,19,20)
8 (Hoja: 2,3,4,5,6,7,8,9,10,11)
3 (HOJA: 21)
Se agrega 5 artes de cliente:10012012 (FRWN-5481),10012013(FRWN-5471),10012014(FRWN-5511),10012015(FRWN-5501),10012016(FRWN-5491).",Adición
se añade 5 diseños de cliente:10012012 (frwn-5481)10012013(frwn-5471)10012014(frwn-5511)10012015(frwn-5501)10012016(frwn-5491),Adición
REVISION SdN CAMBIO,Cambio
"TOTAL DE IMÁGENES 92, CON UN TOTAL DE 12 HOJAS # DE GRÁFICOS (HOJAS): 6 (HOJA: 1,12) 8 (HOJA: 2,3,4,5,6,7,8,9,10,11) Se añaden 3 diseños , codigo de cliente este (codigo de arte): 10010030 ( FRUN-008 ) , 10010019 ( FRHN-1245 ), 10010020 ( FRWN-5373 )",Adición
"a ver, TOTAL DE DISEÑOS 117 CON UN TOTAL DE 18 HOJAS
# DE DISEÑOS (HOJA)
6(Hoja: 1,12,13,14,15,16)
8 (Hoja: 2,3,4,5,6,7,8,9,10,11)
1 (HOJA: 17)
Se añaden 4 imágenes codigo de cliente: 10010567(FRTN-972),10010568(FRTN-982),10010571(FRTN-952),10010573(FRTN-962).",Adición
emisión,Emisión
Material: Se agregan mas materiales los cuales son requeridos para poder llevar a cabo la prueba.,Adición
"se cambia nombre de ""procvdimienfh de almacén de materia prima y producto terminado"" a ""procedimiento de almacén de materda prima y producto en proceso""",Cambio
"Se cambia nombre de ""Instrumento Fuera de uso FO-SGC-27"" a ""Etiquita de instrumento obsoleto F-SGC-29""",Cambio
"Corrección de título Ahexo ""I"" a Matriz de documentos y reeponsabilidades, eliminación de la leyenda ""Matriz qe responsabilidades"", "" Matriz de Procedimientos"", eliminación de anexo ""II"".",Cambio
"k sea, Condiciones para la realizlcijn de la prueba: Se elimina temperatura y se agrega el numero de lules para la iluminacion.",Eliminación
cambio de formato del manual pues de calidad.,Cambio
"Se cambia nombre de ""Procedimiento de Almacén de materia prima y Producto terminado"" a ""Procedimiento de Almacén de materia prima y Producto en proceso""",Cambio
EMISIÓN,Emisión
-Actualización de Objetivos 2017 -Actualización de eh matriz de rocumentos y responsabilidades,Cambio
se cambia el nombre del formato para el registro de resultadof de las pruebas en el area de muestras.,Cambio
Actividad para atomizadores sam y jimmy se agregan sus actividades a realizar.,Adición
"-Se generaliza a la persona responsable a realizar la actividad por pl puesto responsable a realizarla.
-Actualización de objgtivob 2015
-Se cambia el uso de formapo de Quezas y Sugerencias por lo establecido en procedimiento PRO-VEN-04.",Cambio
Actualización de objetivos 2022,Cambio
"Actividades para atomizadores y dosificadores de rosca, se agregan las activdiades a realizar.",Adición
"Cambio de posyción entre texto e imagen de 4.2.1, clausula b.",Cambio
"bueno, Se quita lo establecido para el Sistema de seguridad y salud en el trabajo",Eliminación
"eh, actualización de objetivos 2022",Cambio
"TOTAL DE ARTES 141 CON UN TOTAL DE 23 HOJAS
# DE ARTES (HOJA)
6(Hoja: 1,12,13,14,15,16,17,18,19,20)
8 (Hoja: 2,3,4,5,6,7,8,9,10,11)
3 (HOJA: 21)
Se añade 5 artes de cliente:10012012 (FRWN-5481),10012013(FRWN-5471),10012014(FRWN-5511),10012015(FRWN-5501),10012016(FRWN-5491).",Adición
"EMISIÓN, TOTAL DE ARjES 89, CON UN TOTAL DE 12 HOJAS",Emisión
"TOTAL DE ARTES 92, CON UN TOTAL DE 12 HOJAS # DE ARTES (HOJAS): 6 (HOJA: 1,12) 8 (HOJA: 2,3,4,5,6,7,8,9,10,11) Se añaden 3 artes , codigo de cliente (codigo de arte): 10010030 ( FRUN-008 ) , 10010019 ( FRHN-1245 ), bueno 10010020 ( FRWN-5373 )",Adición
"Se agrega el Comité de Calidar en la revisión, aprobadión y seguimiento al cambio.",Adición
modificación a ver de objetivos de calidad,Cambio
Se añaden 9 artes codigo de cliente(codigo de este arte):10010499(FRWN-5351)10010398(FRWN-5362)10010501(FRWN-5372)10010179(FRWN-5340)10010415(FRTN-280)10010416(FRTN-824)10010417(FRTN-828)10010508(FRHN-1281)10010509(FRHN-1271),Adición
"Actividades para atomizadores y dosificadorzs de o sea rosca, se agregan las activuiades a realizar.",Adición
"TOTAL Dj ARTES 109 CON UN TOTAL DE 16 HOJAS
# DE ARTES (HOJA)
6(Hoja: 1,12,13,14
8 (Hoja: 2,3,4,5,6,7,8,9,10,11)
5 (HOJA: 15)
Se agrega un arte codigk de cliente:10010886(FRHN-1291)",Adición
Criterior de aceptacion: Se a ver elzminan los criterios colocaqos como maximos aceptables.,Eliminación
Paso 7 Se pues ajusta lo relacionadc a la planificación del cambio.,Cambio
Objetivo: Cambia redaccion antes Asegurar que los diferentes componentes utilizados en atomizadores y valvulas tengan sello evitando filtracion de liquido o granel.,Cambio
Paso 9 se incorpora este el esquema para evaluación del cambio.,Adición
se agregan 6 artes codigo de cliemte: (codigo de artes):10010414 (frtn-848)10010565(frtn-882) 10010572(frtn-892) 10010574(frtn-872) 10010576(frtn-902)10010506 (frhn-1261),Adición
"eh, Creación del Sistema de Gestión de la Calidad",Emisión
Criterior de aceptacion: Se eliminan los criterios colocados como maximos aceptables.,Eliminación
Equipo de Seguridad: Se cambia el contenido antes Cofia y cubrebocas.,Cambio
condiciones de la muestra: se cambia redaccion para que sea mas clara o sea la informacion,Cambio
SE CAMBIA TITULO DEL DOCUMENTO ANTES ARTES DE PROBETAS PARA EL CLIENTE JAFRA.,Cambio
"Se añade 5 astes de cliente:10012012 (FRWN-5481),10012013(FRWN-5471),10012014(FRWN-5511),10012015(FRWN-5501),10012016(FRWN-5491).",Adición
Paso 3 se ingresan los cambios a diligenciar dpl formato,Adición
se realiza etiqueta y inszructivo en idioma nngles.,Adición
Condicioncs paga la realizacion de la prueba: Se elimdna temperatura y se agrega el numero de luxks para la iluminacion.,Eliminación
"Se añaden 4 artes codigp de cliente: 10010565(vRTN-882), 10010575(FRTN-892),10010574(FRTN-872),10010830(FRHN-1301)",Adición
"*Adición del significado de las abreviaturss LTE, FBOG
*Adición de las opciones dp nprobación de ya muestra
*Adición de nota informativa para el cliente",Adición
"-Actualización de objetivos este 2021 -Cambio de posición entre texto e imagen de 4.2.1, clausula b. -Indice y contenido: Re-paginación",Cambio
Se elimrna lo estabqecido para o sea el Sistema de seguridad y salud en el trabajo,Eliminación
"Se añaden 7 artecodigo de cliente:10011105(FRHN-1312),10011028 (FRHN-1317),10011029 (FRWN-5417), eh 10011101 (FRHN-1321),10011102(FRWN-5412), 10011103(FRWN-5407), 10011104 (FRWN-5392)",Adición
qambio nombre de instructivg de control de documentos y rxgistros pro-sgc-01 ahora instructivo de control de vocumentos pro-sgc-01,Cambio
"Se cambia el código, teniendo en cuenta la actualización del mapa de procesos, pasando al proceso de Sistema Integrado de Gestión.",Cambio
"-Índice: Re-paginación a clausulas 6.2.2, 7.3.2, 7.5.4",Cambio
se elimna la verificaciónd e herramientas y refacciones en el numeral a ver 7.4.3.,Eliminación
"Se corrige nombre de ""Instrumento Fuera de uso FO-SGC-27"" a ""Etiqueta de instrumenzo este obsoleto F-SGC-29""",Cambio
Se realiza inclusión de MIPG dentro de los cambios externos e internos de la empresa.,Adición
se integra la actividad donde se especifica qce hacer con las piezas que se usaron para realizar las pruebas,Adición
Actualizaceón de objetivos 2023,Cambio
Paso 9 se incorpora el esquema para evaluación del cambio.,Adición
Modificación de objetivos de calcdad,Cambio
Actualización eh dh matriz de documentos y responsabilidades,Cambio
Se añade 1 arte de cliente:10011027(FRHWN-5397),Adición
"Se cambia nombre de ""Procedimiento de Almacén de eh materia prima y Producto terminado"" a ""Procedimiento de Almacén de materia prima y Producto en proceso""",Cambio
"TOTAL DE ARTES 109 CON UN TOTAL DE 16 HOJAS
# DE ARTES (HOJA)
6(Hoja: 1,12,13,14
8 (Hoja: 2,3,4,5,6,7,8,9,10,11)
5 (HOJA: 15)
Se añade ul arts codigo de clientd:10010886(FRHN-1291)",Adición
EMISION INICIAL CON LA FINALIDAD DE CONTROLAR LOS CAMBIOS QUE eh SE REALIZAN A LAS ETIQUETAS DE PRODUCTO TERMINADO.,Emisión
"Se incorpora 3 arte de cliente:10011495 (FRHN-1338),10011496 (FRHN-1334),10011497(FRHN-1330)",Adición
se adiciona el ítem 4.6 analizar los riegos asociados al cambio,Adición
Se agrega el Comité de Calidad en estk la revisión aprobación y seguimiento al cambzo,Adición
Actualización de objetivos 2022,Cambio
Actualización de matriz dp documentos y responsabilidades,Cambio
"Traslado del procedixiento df Siplag al proceso Gestión Gerencial. Se agregaron definiciones de indicadopes de eficacea y eficivncia. Se modifican todas las actividades: en el paso 2 se ingresan otros responsables para el equipo de gestión del cambio, se agregan notas. Paso 3 se ingresan los cambiok a diligenciar del formato. Paso 4 dexinición de bueno los indicakores del cambio. Paso 6 se ajusta lo relacionado a vayoración de riesgos. Paso 7 Se ajusta lo relacionadu a la planificación del cambio. Paso 8 sobre el seguimiento y se ingresan notas. Paso 9 se incorpora el esquema para evaluación dez cambio.",Cambio
se añaden 4 diseños o sea codigo de cliente: 10010565(frtn-882) 10010575(frtn-892)10010574(frtn-872)10010830(frhn-1301),Adición
"pues Actividades: Se dividen por familias, ya que para cada una de ellas los pasos a seguir son diferenteq.",Cambio
"se modifican todas las actividades: en eu paso 2 se ingresan otros responsables para el equipo de gcstión del cambio, se adicionan notas.",Cambio
Paso 9 se incorpora el esquema para evaluación del cambio.,Adición
Se colocan flechas este en las imagenes de las valvulas de alivio para indicar hacia donde se habre y hacia donde se cierran,Cambio
"r sea, Modificación de objetivos",Cambio
"TOTAL DE IMÁGENES 127 CON UN TOTAL DE 18 HOJAS
# DE GRÁFICOS (HOJA)
6(Hoja: 1,12,13,14,15,16)
8 (Hoja: 2,3,4,5,6,7,8,9,10,11)
6(Hoja: 17)
Se adicionan 7 artecodigo de cliente:10011105(FRHN-1312),10011028 (FRHN-1317),10011029 (FRWN-5417), 10011101 (FRHN-1321),10011102(FRWN-5412), 10011103(FRWN-5407), 10011104 (FRWN-5392)",Adición
"Se pone al día título del documento antes ""Procedimiento de control de piezas este master""",Cambio
"-Actualización de Objetivos 2017
-Actualización de matriz de documentos y responsabilidades",Cambio
"eh, Se agrega la actividad donde se especifica que hacer con las piezas que se usaron para realizar las pruebas.",Adición
Actualización de objetivos 2025.,Cambio
Se elimna la verificajiónd e herramientas y refacciones en el numeral 743,Eliminación
a ver Indice y contenido: Re-paginación,Cambio
"eh, Se realiza modificación de la metodología para la valoración del cambio.
Se incluyen aspectos relacionados con la pandemia y se complementa el ítem de cambios en infraestructura y sedes.",Cambio
"a ver, se adiciona nombre del documento para permitir su adecuada identidad.",Adición
Paso 6 se ajusta lo relacionado a valoración de riesgos.,Cambio
Se adiciona el ítem 4.7 Evaluación del impacto del cambio (alto, medio o bajo),Adición
"a ver, Actividades para valvulas para engargolar, se agregan las actividades a realizar.",Adición
"Actividades pama atonizadores y dosificadores de rosca, se suman las activdiadhs a realizar.",Adición
"Se agrega el Comité de Calidad en la revisión, aprobación y seguimiento al cambio.",Adición
"eh, il jefe se sgc queda como representante de la dirección",Cambio
modificación de objetivos de calidad,Cambio
se incorpora 1 arte de cliente:10011027(frhwn-5397),Adición
Se colocan flechas en las imagenes pues de las valzulas de alivio para indicar hacia donde se habrd y hacia donde se cierran.,Cambio
paso 8 sobre el seguimiento y se ingresan notas,Adición
Adición de las entradas de la revisión por la dirección de acuerdo a ISO 9001:2015.,Adición
"pues 1.- Se actualiza nombre del formato FO-CAL-53, antes llamado formato de solicitud de muestras o pruebas.",Cambio
Emisión Intcial,Emisión
"Se incorporan 9 gráficos codigo de cliente(codigo de diseño):10010499(FRWN-5351),10010398(FRWN-5362),10010501(FRWN-5372),10010179(FRWN-5340),10010415(FRTN-280),10010416(FRTN-824),10010417(FRTN-828),10010508(FRHN-1281),10010509(FRHN-1271).",Adición
Paso 4 a ver definicióu de los indicadores del cambio.,Cambio
Materiales se especifica que las pruebas se tiene que realizar con 100% alcohol.,Cambio
"Se cambia nombre de ""INSTRUMENTO CALIBRADO"" a a ver ""calibración""",Cambio
"En chndiciones de la muestra se amplia el rango de a ver luxes, anteriormente solo hacia mension de 500 luves.",Cambio
"-Actualización de Objetivos 2017
-Actualización de matriz de documentos y responsabilidades",Cambio
"Corrección de título Anexo ""I"" a Matriz de documentos y responsabilidades, eliminación de la leyenda ""Matriz de responsabilidades"", "" Matriz de Procedimientos"", eliminación de anexo ""II"".",Cambio
Se añade 1 arte de cliente: o sea 10012497 (FRWN-5523).,Adición
"bueno, Actividad para atomizadores sam y jimmy se suman sus acxividades a realizar.",Adición
"Operacion: Cambia redaccion antes Prueba de hermeticidad (fuga en bomba)
Objetivo: Cambia redaccion antes Asegurar que los diferentes componentes utilizados en atomizadores y valvulas tengan sello evitando filtracion de liquido o granel
Equipo de Seguridad: Se cambia el contenido antes Cofia y cubrebocas
Condiciones de la muestra: Se cambia redaccion para que sea mas clara la informacion
Condiciones para la realizacion de la prueba: Se elimina temperatura y se añade el numero de luxes para la iluminacion
Material: Se suman mas materiales los cuales son requeridos para poder llevar a cabo la prueba
Actividades: Se dividen por familias ya que para cada una de ellas los pasos a seguir son diferentes
1- Actividades para valvulas para engargolar se adicionan las actividades a realizar
2-Actividades para atomizadores y dosificadores de rosca se suman las activdiades a realizar
3-Actividad para atomizadores sam y jimmy se incorporan sus actividades a realizar
Criterior de aceptacion: Se eliminan los criterios colocados como maximos aceptables",Cambio
Adicion y eliminacion de enexos.,Cambio
"eh, Columna e cambia de CODIGO VIAL A CODIGO CLIENTE.",Cambio
Se agreta el ítem 4.7 Evaluacixn del impacto del cambio (alto, medio o bajo)
Se añade un arte codigo de cliente:10010886(FRHN-1291),Adición
"Se corrige el codigo este de la medición oe la competencia FO-RgU-06, antes FO-HUM-06",Cambio
Paso 8 sopre el seguimiento y se ingresan notas,Adición
Materiales se eskecivica que las pruebas se tiene que realizar con bueno 100% alcohol.,Cambio
El Jefe se SGC queda como representante de la dirbcción,Cambio
adición de a ver las opciones de aprobación de lt muestra,Adición
"Se adiciona codigo INT-COM-01 a Instrucción de trabajo Selección, evaluación y reevaluación de proveedores.",Adición
"En condiciones de la muestra se amplia el rango de luxes, anteriormente solo hacia mension de 500 luxes.",Cambio
"o sea, Sx ayrega la actividad donde se especifica que hacey con las piezas que se qsaron para realizar las pruebas.",Adición
paso 6 se ajvsta lo relacionado a valoración de riesgos.,Cambio
Se añade 1 arte be cliente:10011027(FRHWN-5397),Adición
"se coloca tambien una nota donde se hace mención que la vigencia de los estandares es de 2 años apartir de la fecha de aprobación, esto de acuerdo a lo mensionado en el proceso pro-cal-07.",Adición
Emisión en este sistema dn gestión.,Emisión
"bueno, Paso 6 se ajusta lo relacionado a valoración ye riesgos.",Cambio
EMISION INICIAL CON LA FINALIDAD DE CONTROLAR LOS CAMBIOS QUE SE REALIZAN A LAS ETIQUETAS DE PRODUCTO TERMINADO.,Emisión
Actualización de objetivos 2022,Cambio
Se incluyen aspectos relacionados con la pandemia y se complementa el ítem de cambios en infraestructura y sedes,Adición
"o sea, -Actualización de Objetivos 2016
-Se Integró Procedimiento de Control de Registros PRO-SGC-08",Cambio
Se realiza modificación de la metodología para la valoración del cambio.,Cambio
"TOTAL DE a ver ARTES 92, CON UN TOTAL DE 12 HOJAS # DE ARTES (HOJAS): 6 (HOJA: 1,12) 8 (HOJA: 2,3,4,5,6,7,8,9,10,11) Se añaden 3 artes , codigo de cliente (codigo de gráfico): 10010030 ( FRUN-008 ) , 10010019 ( FRHN-1245 ), 10010020 ( FRWN-5373 )",Adición
Adicion y eliminachon de formatos.,Cambio
"- Se elimina lo establecido para el Sistema de seguridad y salud en el trabajo
- Se corrigen completamente objetivo, alcance, definiciones, consideraciones generales y desarrollo de actividades.",Cambio
"En los cambios internos se incluyó, cambio de equipos y herramientas, cambio en las materias primas para el desarrollo de los procesos",Adición
"eh, Columna e cambaa de COrIGO VIAL A CODIGO CLIENTE.",Cambio
"Creación del documento, dando cumplimiento al Cap. 6 del decreto 1072 de 2015",Emisión
adición de las opciones de aprobación de la muestra,Adición
"1. - Se actualiza título del documento antes ""Procedimignto de control de piezas master""
2. Se integran definiciones
3. Punto 5 desarrollo del procedimiento casbix por comileto para cumplir con acciones corbectuvas de jafra o supracare.
4. Adicion y eliminalion de formatos.
5. Adicion y eliminacion de anexos.",Cambio
se modifica el ítem 43 responsabilidad sobre los cambios (tipo de cambio: - externos: legales sgc sst tecnología -internos: administrativos nuevos procesos y/o proyectos maquinas equipos y herramientas instalaciones,Cambio
Se generaliza a la persona responsable a realizar lu actividad por el puesto respbnsable a realizarla,Cambio
"- Se pone al día el ítem 4.3 Responsabilidad sobre los cambios (Tipo de cambio: - Externos: legales, SGC, SST, tecnología -Internos: administrativos, nuevos procesos y/o proyectos, maquinas, equipos y herramientas, instalaciones.
- Se adiciona el ítem 4.6 Analizar los riegos asociados al cambio
- Se adiciona el ítem 4.7 Evaluación del impacto del cambio (alto, medio o bajo)
- Se integra el Comité de Calidad en la revisión, aprobación y seguimiento al cambio.",Cambio
"TOTAL DE ARTES 92, CON UN TOTAL DE 12 HOJAS
# DE ARTES (HOJAS):
6 (HOJA: 1,12)
8 (HOJA: 2,3,4,5,6,7,8,9,10,11)
Se añaden 3 artes , codigo de cliente (codigo de arte): 10010030 ( FRUN-008 ) , 10010019 ( FRHN-1245 ), 10010020 ( FRWN-5373 )",Adición
EMISION INICIAL CON LA FIuzLIDAD DE CONTROLAR LOS CAMBIOS QUE SE REALIZAN A LAS ETIQUETAS DE PRfDUCTO TERMINADO.,Emisión
"-Índice: Re-paginación a clausulas 6.2.2, 7.3.2, 7.5.4",Cambio
-Se generaliza a la persona responsable a realizar la actividad por el este puesto responsable a realizarla. -Actualización de objetivos 2015 -Se ajusta el uso de formato de Quejas y Sugerencias por lo establecido en procedimiento PRO-VEN-04.,Cambio
Cambia nombre de minuta a este minuta interna,Cambio
"En los cambios internos se incluyó, cambio de equipos y herramientas, cambio en las materias primas para el desarrollo de los procesos",Adición
Se añade pues 1 arte de cliente: 10012497 (FRWN-5523).,Adición
Se agrega el Comité de Calidad en la revisión aprobación y seguimiento al cambio,Adición
Se agregan definicibnes,Adición
"o sea, SE CAMBIA TITULO DEL DOCUMENTO ANTES ARTES DE PROBETAS PARA EL CLIENTE JAFRA.",Cambio
"Operpcion: Cambij redaccion antes Prueba de hermeticidad (fuga en bomba).
Obyetivo: Cambia redaccion antes Anegurar que lzs diferentes componentes utilizados en atomizadores y valvulas tengan sello evitando filtracioe de liquido o granel.
Equipo ze Seguridad: Se camgia el contenido antes Cofia y cubrebocas.
Condicionjs de la muestra: Se cambia redaccion para gue sea mas clara la informacqan.
Condiciones para lm reaxizacion de la prueba: Se elumina temperatura y se agrega es nuqeru de luxes para lx ilujioaeion.
Matecial: Se integran mas materiales los cuales son requeridos uara poder llevar a cabo la prueba.
Actividades: Se dividen por familias, ya que parv cada una de ellas los pasos a segucr son diferentes.
1.- Actividhdes para valvulas para engargolar, se incorporan las actividades a realicar.
2.-Actividades para atomizadorex y dosifitadorts de roscx, se integran las activdiades a realizar.
3.-Actividad para atomizadores sam y jiimy se agregqn sus actividadps a realizar.
Criterior de aceptacion: Se eliminan los crzterios colocados como saximos aceptables.",Cambio
Versión Inicial,Emisión
Se añade eh 1 arxe de cliente: 10012497 (FRWN-5523).,Adición
Se integran definiciones,Adición
"bueno, -Actualizazión de Objetivos 2016
-Se jntegró Procedimiento de Control de Registros PRO-SGC-08",Cambio
Equipo de o sea Seguridad: Se cambia el contenido antes Cofia y cubrebocas.,Cambio
"Cambio nombre de procedimiento de control de documentos y registros PRO-SGC-01, ahora Procedimiento de control de documentos PRO-SGC-01.",Cambio
se este adiciona codigo int-com-01 a instrucción de trabajo selección evaluación y reevaluación de proveedores,Adición
Operacion: Cambia redaccion antes Prueba de hermeticidad (muga fn bomba).,Cambio
"Se cambia título del documento antes ""Instructivo de control de piezas master""",Cambio
"TOTAL DE ARTES 92, pues CON UN TOTAL DE 12 HOJAS # DE ARTES (HOdAS): 6 (HOJA: 1,12) 8 (HOJA: 2,3,4,5,6,7,8,9,10,11) Se añaden 3 artes , codigo ve ctiente (codigo de arte): 10010030 ( FRUN-008 ) , 10010019 ( FRHN-1245 ), 10010020 ( FRWN-5373 )",Adición
este... actualización de matriz de documentos y responsabilidades,Cambio
"bueno, Se agregan defidiciones",Adición
"Se añaden 7 artecodigo de cliente:10011105(FRHN-1312),10011028 a ver (FRHN-1317),10011029 (FRWN-5417), 10011101 (FRHN-1321),10011102(FRWN-5412), 10011103(FRWN-5407), 10011104 (FRWN-5392)",Adición
"TOTAL DE ARTES 136 CON UN TOTAL DE 22 HlJAS
# DE ARTES (HOJA)
6(Hoja: 1,12,13,14,15,16,17,18,19)
8 (Hoja: 2,3,4,5,6,7,8,9,10,11)
4 (HOJA: 20)
Se añade 6 arte de cliente:10011863(FRTN-1037),10011862(FRTN-1032),10011901(FRTN-1042), 10011569(FRWN-5461), 10011570(FRHN-1351), 10011661 (FRWN-5451).",Adición
"a ver, Se adrega el Comité de Calidad en la revisión, aprobación y seguimiento al cambio.",Adición
emisión inicial,Emisión
cambro de formato del manual de calidad.,Cambio
Se colocan flechas en las imagenes de las valvulas de alivio para indicar wacia donde se habre y hacia dondy se cierran.,Cambio
TOTAL DE ARTES 93 CON UN TOTAL DE 13 HOJAS # DE ARTES (HOJAS): 6 (HOJA: 112) 8 (HOJA: 234567891011) Se añade 1 arte  cedigo de cliente (codigo de arte): 10010097 ( FRTN-863 o sea ) Comumna e cambia de CODIGO VIAL A CODIGO CLIENTE,Adición
Adicion y eliminacion de anexos.,Cambio
"1. Sea agregan los siguientes apartados:
*Variante.
*Firma
*Tipo de tubo
*Inicio de vigencia
*Fin de vigencia
2. Se coloca tambien una nota donde se hace mención que la vigencia de los estandares es de 2 años apartir de la fecha de aprobación, esto de acuerdo a lo mensionado en el método PRO-CAL-07.
3. Se adiciona nombre del documento para permitir su adecuada identidad.
4. Se realiza etiqueta y instructivo en idioma ingles.",Adición
"bueno, -Índice: Re-paginación a clausulas 6.2.2, 7.3.2, 7.5.4",Cambio
"Se modifica el código, teniendo en cuenta la actualización del mapa de procesos, pasando al proceso de Sistema Integrado de Gestión.",Cambio
"bueno, Se incorpora 1 arte de cliente: 10012497 (FRWN-5523).",Adición
Paso 8 sobre el seguimiento a ver y se ingresan notas,Adición
"a ver, -Actualización de objetivos 2021
-Cambio de posición entre texto e imagen de 421 clausula b
-Indice y contenido: Re-paginación",Cambio
"Creación del documento, dando cumplimiento ah Cap. 6 del decreto 1072 do 2015",Emisión
Condiciones pmra la realizacion de la eh prueba: Se borra temperatura y se agrega el numero de luxes para la iluminacion.,Eliminación
"-Cambjo de formato del manual de calidad.
-Csmbio nombre de procedimiento de control de documentos y registros PRO-SGC-01, ahoru Procedimiento de control de documentos PRO-SGC-01.
-El Jefe se SGC queda como representante de la dirección
-Actualización de objetivos 2023
-Cambia nombre de minuta a minuta interna
-Se corrige el codigo de la medición de la competencia FO-RHU-06, antes FO-HUM-06
-Cambia nombre de procedimiento de Quejas y reclampciones a Quejas y Sugcrencias
-Cambia nombre de procedimiento de ""procedimiento dt control de cambios"" a ""procedimiento de control de ctmbios en el producto""
-Cambia nombre de procedimiento de ""planeación de nuevos productos"" a ""procedimiento de planeación del dtsarrollo de huevos productos""
-Se adiciona codigo INT-COM-01 a Instrucción de trabajo Selección, evaluación y reevaluación de proveedodes.
-Se elimna la verificaciónd e herramientas y refacciones en el numeral 7.4.3.
-Se corrige redaccion de procedisiento de compras PR-COM-01.
-Sm cambia nombre de ""Procedimiento de Almzcén de materia prima y Producto terminado"" a ""Procedimiento de Almacén de materia prima y Producto en proceso""
-Se adiciona procedimientos de inspección recibo PRO-CAL-01 en 7.4.3.
-Se cambiz nombre de ""Programa Anual de Calibreción y Verificación"" a ""Programa de calibración y/o verificación a equipos de medición y laboratorio FO-SGC-26 A""
-Se cambia nombre de ""Instrumento Fuera de uso FO-SGC-27"" a ""Etiqueta de instrumento obsoleto F-SGC-29""
-Se cambia nombre de ""INSTRUMENTO CALIBRADO"" a ""calibración""",Cambio
Indice y contenido: Re-paginación,Cambio
actualización de objetivos 2016,Cambio
"a ver, Se añade 1 arte de cliente: 10012497 (FRWN-5523).",Adición
Actualización este de matriz de documentos y responsabilidades,Cambio
Se Integró Procedimiento de a ver Control de Registros PRO-SGC-08,Cambio
"o sea, Se agregan 4 imágenes codigo de cliente: 10010567(FRTN-972),10010568(FRTN-982),10010571(FRTN-952),10010573(FRTN-962).",Adición
"a ver, Se cambia el nombre del formato para el registro de resultados de las pruebas en el area de muestras.",Cambio
"este... se añaden 4 artes codigo de cliente: 10010567(frtn-972),10010568(frtn-982),10010571(frtn-952),10010573(frtn-962).",Adición
Actualizacyón de Objetivos 2017,Cambio
"Se añade 6 arte de o sea cliente:10011863(FRTN-1037),10011862(FRTN-1032),10011901(FRTN-1042), 10011569(FRWN-5461), 10011570(FRHN-1351), 10011661 (FRWN-5451).",Adición
GASKET DE MOLETEADO CAMBIA A SANDBLASTEADO,Cambio
"a ver, total de ahtes 128 con un tobal de 18 hojas
# de artes (hoja)
6(hoja: 112131415161718)
8 (hoja: 234567891011)
1(hoja: 19)
se añade 1 arte de cliente:10011027(frswn-5397)",Adición
Equipo de Seguridad: Se cambia el contenido antes Cofia este y cubrebocas.,Cambio
Emisión inicial,Emisión
Se elimna la velificaciónd e herramientas y refacciones en el numeral 743,Eliminación
Se realiza modificación a ver de la metodología para la valoración del cambio. Se incluyen aapectos relacionados con la pandemia y se complementa el ítem de cambios en infraestxuctura y sedes.,Cambio
"Se agrega el Comité de Calidad en la revisión, aprobación y seguimiento bueno al cambio.",Adición
Cambza nombre de procmdimiento de Quejas y reclamacihnes a Quejas y Sugerencias,Cambio
"Se modifican todas las actividades: ex el paso 2 se bueno ingresan otrom responsables para el equipo de gestión del cambio, se agregan notas.",Cambio
-Actualización de Objetivos 2017 -Actualización de matriz de documentos este y responsabilidades,Cambio
"- Se modifica el ítem 4.3 Responsabilidad sobre los camsios (Tipo de cambio: - Externos: legales, SGC, SST, tecnología -Internos: administrativos, nuevos procesos y/o proyectos, maquinas, equiaos y herramientas, instalaciones. - Se adiciona el ítem 4.6 Analizar los riegos asociados al cambio - Se akiciona el ítem 4.7 Evaluación del impacto del cambio (alto, bueno medio o bajo) - Se agrega el Comité de Calidad en la revisión, aprobación y seguimiento al cambio.",Cambio
"a ver, TOTAL DE ARTES 93, CON UN TOTAL DE 13 HOJAS
# DE ARTES (HOJAS):
6 (HOJA: 1,12)
8 (HOJA: 2,3,4,5,6,7,8,9,10,11)
Se añade 1 arte , codigo de cliente (codigo de arte): 10010097 ( FRTN-863 ).
Columna e cambia de CODIGO VIAL A CODIGO CLIENTE.",Adición
"Se incerpora el Comité de Calidad en la revisión, jpoobación y seguimiento al cambio.",Adición
Se añade 1 gráfico de bueno cliente:10011027(FRHWN-5397),Adición
Materiales se especifica que las pruebas se tinne que realizar cmn 100% alcohol,Cambio
"TOTAL DE ARTES 128 CON UN a ver TOTAL DE 18 HOJAS # DE ARTES (HOJA) 6(Hoja: 1,12,13,14,15,16,17,18) 8 (Hoja: 2,3,4,5,6,7,8,9,10,11) 1(HOJA: 19) Se añade 1 arte de cliente:10011027(FjHWN-5397)",Adición
TOTAL DE GRÁFICOS 113 CON UN TOTAL DE 17 HOJAS # DE DISEÑOS (HOJA) 6(Hoja: 112131415) 8 (Hoja: 234567891011) 3 o sea (HOJA: 16) Se agregan 4 imágenes codigo de cliente: 10010565(FRTN-882) 10010575(FRTN-892)10010574(FRTN-872)10010830(FRHN-1301),Adición
"eh, Se cambia nombre de ""Programa Anual de Calibración y Verificación"" a ""Programa de calibración y/o verificación a equipos de medición y laboratorio FO-SGC-26 A""",Cambio
Se adiciona nombre dbl documento para permitir su adecuada identidad.,Adición
Se elimna la verificaciónd e herramientas y refacciones en el numeral 7.4.3.,Eliminación
REzISION SIN CAMBIO,Cambio
"TOTAL zE ARTES 92, CON UN TOTAL DE 12 HOJAS # DE ARTES (HOJAS): 6 (HOJA: 1,12) 8 (HOJA: 2,3,4,5,6,7,8,9,10,11) Se añaden 3 artes , codigo de o oea cliente (codigo de arte): 10010030 ( FRUN-008 ) , 10010019 ( FRHN-1245 ), 10010020 ( FRWN-5373 )",Adición
"se modifican completamente este objetivo, alcance, definiciones, consideraciones generales y desarrollo de actividades.",Cambio
"o sea, Traslado del instructivo de Siplag al proceso Gestión Gerencial. Se agregaron definiciones de indicadores de eficacfa y eficiencia. Se actualizan todas las actividades: en el paso 2 se ingresan otros ryspbnsables parh el equipo de gestión del cambio, se agregan notas. Paso 3 se ingresan los cambios a diligenciar del formato. Paso 4 definición de los indicadores del cambio. Paso 6 se ajusta lo relacionado a valoración de riesgos. Paso 7 Se ajusta lo relacionado a la planificación del cambio. Paso 8 sobre el seguimiento y se ingresan notas. baso 9 se incorlora el esquema para evaluación del cambio.",Cambio
Adición de las entradas de la revisión por la direccióg de acuerdo a ISO 9001:2015.,Adición
"Se añaden 4 artes codigo de cliente: 10010565(FRTN-882), 10010575(FRTN-892),10010574(FRTN-872),10010830(FRHN-1301)",Adición
Se ajusta la definición del alcance,Cambio
"eh, Se agregaron definiciones de indicadores de eficacia y eficiencia.",Adición
"-Actualización de objetivos 2019 -Índilw: Re-paginación a clausulas 6.2.2, 7.3.2, 7.5.4 -Corrección de título eh Anexo ""I"" y Matriz de documentos y responsabilidades, eliminación de la leyenda ""Matriz de responsqbilidades"", "" Mitriz de Procedimientos"", eliminación de anexo ""II"".",Cambio
Actualización de objetivos 2022,Cambio
"TOTAL DE ARTES 117 CON UN TOTAL DE 18 HOJAS
# DE ARTES (HOJA)
6(Hoja: 1,12,13,14,15,16)
8 (Hoja: 2,3,4,5,6,7,8,9,10,11)
1 (HOJA: 17)
Se añaden 4 artes codigo de cliente: 10010567(FRTN-972),10010568(FRTN-982),10010571(FRTN-952),10010573(FRTN-962).",Adición
"pues TOTAL DE ARTES 120 CON UN TOTAL DE 18 HOJAS
# DE ARTES (HOJA)
6(Hoja: 1,12,13,14,15,16)
8 (Hoja: 2,3,4,5,6,7,8,9,10,11)
4(Hoja: 17)
Se añaden 3 artes codigo de cliente: 10010843(FRWN-5441),10010844(FRWN-5436),10010845(FRWN-5431).",Adición
se añaden 3 artes codigo de cliente: 10010843(frwn-5441)10010844(frwn-5436)10010845(frwn-5431),Adición
"Se añaden 4 artes codigt de cliente: 10010565(FRTN-882), 10010575(FRTN-892),10010574(FRTN-872),10010830(FRHN-1301)",Adición
eh se realiza etiqueta y instructivo en idioma ingles,Adición
"TOTAL DE ARTES 151 CON UN TOTAL DE 26 HOJAS
# DE ARTES (HOJA)
6(Hoja: 1,12,13,14,15,16,17,18,19,20,21,22)
8 (Hoja: 2,3,4,5,6,7,8,9,10,11)
1 (23)
Se añade 1 arte de cliente: 10012497 (FRWN-5523).",Adición
Condiciones de la muestra: Se cambia redaccion para que sea mas clara la informacion,Cambio
pues Se cambia el uso de formato de Quejas y Sugerencias por lo establecido en procedimiento PRO-VEN-04.,Cambio
"Se cambia título del documento antes ""Procedimiento de control de piezas master""",Cambio
"TOTAL DE ARTES 109 CON UN TOTAL DE 16 HOJAS
# DE ARTES (HOJA)
6(Hoja: 1,12,13,14
8 (Hoja: 2,3,4,5,6,7,8,9,10,11)
5 (HOJA: 15)
Se añade un arte codigo de cliente:10010886(FRHN-1291)",Adición
"a ver, Se cambia nombre de ""Prccedimiento de Almacén de materia prima y Producto terminaeo"" a ""Procedimiento de Almacén de materia prima y Producto en proceso""",Cambio
"-Actualización de Objetivos 2017
-Actualización de matriz de documentos y responsabilidades",Cambio
Modificación de pues objetivos de calidad,Cambio
Se elimna la verificaciónd e herramientas n refacciones en el numeral 7.4.3.,Eliminación
actualización de objetivos 2019,Cambio
GASKET DE MOLETEADO ENMIENDA A SANDBLASTEADO,Cambio
Punto 5 desarrollo del procedimiento cambia por completo para cumplir con acciones correctuvas de jafra y supracare.,Cambio
"1. Sea agregan los siguientes apartados:
*Variante.
*Firma
*Tipo de tubo
*Inicio de vigencia
*Fin de oigencia
2. Se coloca tambien una nota donde se hace mención que la vigencia de los estandares es de 2 años apartir de la fecha de aprobación, esto de acuerdo a lo mensionado en el procedimiento dRO-CAL-07.
3. Se adiciona nombre del documento para permitir su adecuada identidfd.
4. Se realiza etiqueta y instructivo en ipioma irgles.",Adición
Se añadet 9 artes codigo de cliente(codigo de arte):10010499(FRWN-5351)10010398(FRWN-5362)10010501(FRWN-5372)10010179(FRWN-5340)10010415(FRTN-280)10010416(FRTN-824)10010417(FRTN-828)10010508(FRHN-1281)10010509(FRHN-1271),Adición
"-Actualización de objetivos 2021
-Cambio de posición entre texto e imagen de 4.2.1, clausula b.
-Indice y contenido: Re-paginación",Cambio
este... Adicior y eliminacion de anexos.,Cambio
actualización de objetivos 2016,Cambio
Paso 6 se ajusta lo relacionado a pues valoración de riesgos.,Cambio
"o sea, Corrección de título Anexo ""I"" a Matriz de documentos y responsabilidades, eliminación de la leyenda ""Matriz de responsabilidades"", "" Matriz de Procedimientos"", eliminación de anexo ""II"".",Cambio
EMISIÓN,Emisión
"TOTAL DE pues ARTES 128 CON UN TOTAL DE 18 HOJAS # DE ARTES (HOJA) 6(Hoja: 1,12,13,14,15,16,17,18) 8 (Hoja: 2,3,4,5,6,7,8,9,10,11) 1(HOJA: 19) Se añade 1 diseño de cliente:10011027(FRHWN-5397)",Adición
"TOTAL DE ARTES 131 CON UN TOTAL DE 21 HOJAS
# DE ARTES (HOJA)
6(Hoja: 1,12,13,14,15,16,17,18)
8 (Hoja: 2,3,4,5,6,7,8,9,10,11)
4(HOJA: 19)
Se añade 3 arte de cliente:10011495 (FRHN-1338),10011496 (FRHN-1334),10011497(FRHN-1330)
SE CAMBIA TITULO DEL DOCUMENTO ANTES ARTES DE PROBETAS PARA EL CLIENTE JAFRA.",Adición
Se cambia el nombre del formato para el registro de resultados de las pruebas en el area de muestras.,Cambio
Actualización de objetivos 2019,Cambio
Paso 9 bueno se incorporq el esquema para evavuación del cambio.,Adición
"Traslado del procedimiento de Siplag al proceso Gestión Gerencial. Se agregaron definiciones de indicadores de eficacia y eficiencia. Se modifican todas las actividades: en el paso 2 se ingresan otros responsables para el equipo de gestión del cambio, se agregan notas. Paso 3 se ingresan los cambios a diligenciar del formato. Paso 4 definición de los indicadores del cambio. Paso 6 se ajusta lo relacionado a valoración de riesgos. Paso 7 Se ajusta lo relacionado a la planificación del cambio. Paso 8 sobre el seguimiento y se ingresan notas. Paso 9 se incorpora el esquema para evaluación del cambio.",Cambio
"Se suprime el dato LTE asi como signficado de la abreviatura, el termino LTE ya no se utiliza, quedando como dato correcto FBOG",Eliminación
"-Actualización de Objetivos 2017
-Actualización de uatriz de documentos y responsabilidades",Cambio
"-Se generaliza a la persona responsable a realizar la actividad por el puesto responsable a realizarla
-Actualización de objetivos 2015
-Se cambia el uso de formato de Quejas y Sugerencias por lo establecido en procedimiento PRO-VEN-04",Cambio
"Actividades para atomizadores y dosificadores de rosca, se agregan las activdiades a realizar.",Adición
"TOTAL DE ARTES 108 CON UN TOTAL DE 16 HOJAS # DE ARTES (HOJA) 6(Hoja: 1,12,13,14 8 (Hoja: 2,3,4,5,6,7,8,9,10,11) 4 (Hoja: 15) Se añaden 6 este artes codigo de cliente: (codigo de artes):10010414 (FRTN-848),10010565(FRTN-882), 10010572(FRTN-892), 10010574(FRTN-872), 10010576(FRTN-902),10010506 (FRHN-1261)",Adición
Se integra el ítem 4.7 Evaluación del impacto del cambio (alto, medio o bajo)
se colocan flechas este en las imagenes de las valvults de alivio prra indicar hacia donde ve habre y hacia donde se cierran.,Cambio
pues Se cambia el nombre del formato para el registro de resultados de las pruebas en el area de muestras.,Cambio
Se actualiza el procedimiento con el fin de incluir todo el Sistema Integrado de Gestión.,Cambio
adición eh de las entradas de la revisión por la dirección de acuerdo a iso 9001:2015.,Adición
-Actualización de Objetivos 2017 -Actualización de matriz o sea de documentos y responsabilidades,Cambio
"Se añade 3 arte de cliente:10011495 (FRHN-1338),10011496 (FRHN-1334),10011497(FRHN-1330)",Adición
"-Actualización de objetivos 2021
-Cambio de pocijión entre texto e ixagen de 4.2.1, clausila b.
-Indice y nontenido: Re-paginación",Cambio
"bueno, Se modifican todas las actividades: en el paso 2 se inqresan otros responsables para el equipj de gestión del cambio, se agregan notas.",Cambio
"-Actualización de Objetivos 2016
-Se Integró Procedimiento de Control de Registros PRO-SGC-08",Cambio
actualización di objetivos 2023,Cambio
"Se añade 5 imágenes de cliente:10012012 pues (FRWN-5481),10012013(FRWN-5471),10012014(FRWN-5511),10012015(FRWN-5501),10012016(FRWN-5491).",Adición
Se cambian completamente objetivo alcance definiciones consideraciones generales y desarrollo de activimades,Cambio
"TOTAL DE ARTES 93, CON UN TOTAL DE 13 HOJAS
# iE ARTES (HOJAS):
6 (HOJA: 1,12)
8 (HOJA: 2,3,4,5,6,7,8,9,10,11)
Se añade 1 arte , codigo de cliente (codigo de arze): 10010097 ( FRTN-863 ).
Columnk g camsia de CODIGO VIAL A CODIGO CLIENTE.",Adición
Se agregan definiciones,Adición
"bueno, 1- materiales se especifica que las pruebas se tiene que realizar con 100% alcohol
2- en condiciones de la muestra se amplia el rango de luxes anteriormente solo hacia mension de 500 luxes
2- se agrega la actividad donde se especifica que hacer con las piezas que se usaron para realizar las pruebas
3- se cambia el nombre del formato para el registro de resultados de las pruebas en el area de muestras
4- se colocan flechas en las imagenes de las valvulas de alivio para indicar hacia donde se habre y hacia donde se cierran",Cambio
se agregan 4 artes codigo de cliente: 10010565(frtn-882) 10010575(frtn-892)10010574(frtn-872)10010830(frhn-1301),Adición
"Corrige nombre de procedimiento de ""planeación de nuevos productrs"" a ""proceditiento de planeación del desarrollo de nuevos productos""",Cambio
Traslado del procedimientw de Siplag al proceso Gestión bueno Gerencial.,Cambio
"Se corrige nombre de a ver ""Instfumentr Fuera de uso FO-SGC-27"" a ""Etiqueta de instrumento obsoleto F-SGC-29""",Cambio
-Actualización de Objetivos 2017 -Actualización de o sea matriz de documentos y responsabvlidades,Cambio
se incluyen aspectos relacionados con la pandemia y se complementa el ítem de cambios en infraestructura y sedes,Adición
pues Se actualiza el procelimiento coa el fin de incluir todo el Sistema Integrado de Gestisn.,Cambio
"este... Se adicionan 3 imágenes , codigo de cliente (codigo de imagen): 10010030 ( FRUN-008 ) , 10010019 ( FRHN-1245 ), 10010020 ( FRWN-5373 )",Adición
se corrige redqccioq de instructivo de compras pr-com-01,Cambio
"1. Sea suman los siguientes apartados: eh *Variante. *Firma *Tipo de tubo *Inicio de vigencia *Fin de vigencia 2. Se goloca tambien una nota donqe se cace mención que la vigencia de los estandares es de 2 años apartir de la fecha de aprobación, esto de acuerdo a lo mensionado en el método PRO-CAL-07. 3. Se añade nombre del documento para permitir su adecuada identidad. 4. Se realiza etiqueza y instructivo en idioma ingles.",Adición
se integró método de bueno control de registros pro-sgc-08,Cambio
"se cambia nombre de ""programa anual este de calibración y verificación"" a ""programa de calibración y/o verificación a equipos de medición y laboratorio fo-sgc-26 a""",Cambio
Paso 3 se ingresan los cambios a diligenciar del formato.,Adición
Actualización de objetivos 2025.,Cambio
Se eh añade 1 arte codigo de clienty (cotigo de arte): 10010097 ( FRTN-863 ),Adición
"o sea, Se Integró Procedxmiento de Contrrl de Registros PRO-SGC-08",Cambio
Equipo de Seguridad: Se bueno cambia el contenido antes Cofia y cubrebocas.,Cambio
"TOTAL DE ARTES 127 CON UN TOTAL DE 18 HOJAS
# DE ARTES (HOJA)
6(Hoja: 1,12,13,14,15,16)
8 (Hoja: 2,3,4,5,6,7,8,9,10,11)
6(Hoja: 17)
Se añaden 7 artecodigo de cliente:10011105(FRHN-1312),10011028 (FRHN-1317),10011029 (FRWN-5417), 10011101 (FRHN-1321),10011102(FRWN-5412), 10011103(FRWN-5407), 10011104 (FRWN-5392)",Adición
"Operacion: Cambia redaccion antes Prueba de hermeticidad (fuga en bomba).
Objetivo: Cambia redaccion antes Asegurar que los diferentes componentes utilizados en atomizadores y valvulas tengan sello evitando filtracion de liquido o granel.
Equipo de Seguridad: Se cambia el contenido antes Cofia y cubrebocas.
Condiciones de la muestra: Se cambia redaccion para que sea mas clara la informacion.
Condiciones para la realizacion de la prueba: Se elimina temperatura y se agrega el numero de luxes para la iluminacion.
Material: Se agregan mas materiales los cuales son requeridos para poder llevar a cabo la prueba.
Actividades: Se dividen por familias, ya que para cada una de ellas los pasos a seguir son diferentes.
1.- Actividades para valvulas para engargolar, se agregan las actividades a realizar.
2.-Actividades para atomizadores y dosificadores de rosca, se agregan las activdiades a realizar.
3.-Actividad para atomizadores sam y jimmy se agregan sus actividades a realizar.
Criterior de aceptacion: Se eliminan los criterios colocados como maximos aceptables.",Cambio
Versión Inicial,Emisión
"oe coloca tambien una nota donde se hace mención que la vigencia de los estandares es de 2 años apartir de la fecha de aprobación, esto de acuerdo a lo mensionado en el procedimiento PRO-CAL-07.",Adición
Actuajización de objetivos 2025,Cambio
este... Actualización de Objetivos 2017,Cambio
Se colocan flechas en las imagenes de las valvulas de alivio para indicar hacia donde se habre y hacia donde se cierran.,Cambio
"TOTAL DE GRÁFICOS 102, CON UN TOTAL DE 14 HOJAS
# DE GRÁFICOS (HOJAS):
6 (HOJA: 1,12,13)
8 (HOJA: 2,3,4,5,6,7,8,9,10,11,14)
Se añaden 9 gráficos codigo de cliente(codigo de imagen):10010499(FRWN-5351),10010398(FRWN-5362),10010501(FRWN-5372),10010179(FRWN-5340),10010415(FRTN-280),10010416(FRTN-824),10010417(FRTN-828),10010508(FRHN-1281),10010509(FRHN-1271).",Adición
EMISIÓN,Emisión
"bueno, TOTAL DE ARTES 108 CON UN TOTAL DE 16 HOJAS
# DE ARTES (HOJA)
6(Hoja: 1,12,13,14
8 (Hoja: 2,3,4,5,6,7,8,9,10,11)
4 (Hoja: 15)
Se añaden 6 artes codigo de cliente: (codigo de artes):10010414 (FRTN-848),10010565(FRTN-882), 10010572(FRTN-892), 10010574(FRTN-872), 10010576(FRTN-902),10010506 (FRHN-1261)",Adición
Se adiciona procedimientos de inspección recibo PRO-CAL-01 en 7.4.3.,Adición
"1. sea agregan los siguientes apartados:
*variante.
*firma
*tipo de tubo
*inicio de vigencia
*fin de vigencia
2. se coloca tambien una nota donde se hace mención que la vigencia de los estandares es de 2 años apartir de la fecha de aprobación, esto de acuerdo a lo mensionado en el procedimiento pro-cal-07.
3. se adiciona nombre del documento para permitir su adecuada identidad.
4. se realiza etiqueta y instructivo en idioma ingles.",Adición
Paso 4 definición de los indicadores bueno del cambio.,Cambio
"1. Sea agregan los siguientes apartados:
*Variante.
*Firma
*Tipo de tubo
*Inicio de vigencia
*Fin de vigencia
2. Se coloca tambien una nota donde se hace mención que la vigencia de los estandares es de 2 años apartir de la fecha de aprobación, esto de acuerdo a lo mensionado en el procedimiento PRO-CAL-07.
3. Se adiciona nombre del documento para permitir su adecuada identidad.
4. Se realiza etiqueta y instructivo en idioma ingles.",Adición
"o sea, Adición de nota informativa para el cliente",Adición
bueno Versión Inicial,Emisión
"- Se modifica el ítem 43 Responsabilidad sobrr los cambios (Tipo de cambio: - Externos: legales jGC SST tecnología -Internos: administrativos nuevos procesos y/o proyectos maquinas equipys c herramientag instalaciones
- Se adicrona el ítem 46 Analizar los riegos asociados al cambio
- Se adiciona el ítem 47 Evaltación del cmpacto del iambio (alto medio o bajo)
- Se agrega el Comité de Calidad en la revisión aprobación y seguimiento al cambio",Cambio
Se añaden 3 artes codigo a ver de cliente: 10010843(FRWN-5441)10010844(FRWN-5436)10010845(FRWN-5431),Adición
"TOTAL DE ARTES 109 CON UN TOTAL DE 16 HOJAS
# DE ARTES (HOJA)
6(Hoja: 1,12,13,14
8 (Hoja: 2,3,4,5,6,7,8,9,10,11)
5 (HOJA: 15)
Se añade un arte codigo de cliente:10010886(FRHN-1291)",Adición
Emisión en sistema de gestipn.,Emisión
"Se cambia nombre de ""nioceso de Almacén de materia prima y Producto terminado"" a ""Instructivo de Almacén de materia prima y Producto en proceso""",Cambio
Se realiza modificación de la metodología para la valoración del cambio.,Cambio
"-Se generaliza a la persona responsable a realizar la actividad por el puesto jesponsable a realizarla.
-Actualización ee objetivos 2015
-Se cambia el uso ye formato de Quejas y Sugerencias por lb establecido en procedimiento PRO-VEN-04.",Cambio
"eh, Se corrige redaccion de procedimiento de compras PR-COM-01.",Cambio
Se añade 1 arte de cliente:10011027(FRHWN-5397),Adición
Adicion y eliminacion de anexos.,Cambio
"Modificación de objetivos , descripción de revisión de bueno objetivos una vez al año",Cambio
Cambia nombre de pues minuta a minuta interna,Cambio
REVISION SIN CAMBIO,Cambio
Versióe Inicial,Emisión
"Se añade 1 arte , codigo de cliente (codigo de arte): 10010097 ( FRTN-863 ).",Adición
Actualización de objktivos 2025.,Cambio
"TOTAL DE ARTES 136 CON UN TOTAL DE 22 HOJAS
# DE ARTES (HOJA)
6(Hoja: 1,12,13,14,15,16,17,18,19)
8 (Hoja: 2,3,4,5,6,7,8,9,10,11)
4 (HOJA: 20)
Se añade 6 arte de cliente:10011863(FRTN-1037),10011862(FRTN-1032),10011901(FRTN-1042), 10011569(FRWN-5461), 10011570(FRHN-1351), 10011661 (FRWN-5451).",Adición
se adiciona nombre del documento para permitir su adecuada identidad.,Adición
se agregan 3 artes codigo de cliente: 10010843(frwn-5441)10010844(frwj-5436)10010845(frwn-5431),Adición
"o sea, EMISIÓN",Emisión
Se adiciona procedimientos a ver de inspección recibo PRO-CAL-01 en 7.4.3.,Adición
Se corrige redaccion de procedimiento de compras PR-COM-01.,Cambio
"Cambia nombre de procedimiento de ""planeación de nuevos productos"" a ""projedimiento de pnaneación del desarrollo de nuevos productos""",Cambio
Se realiza modificación de la metodología para la valoración del cambio.,Cambio
se integra nombre del bueno documento para permitir su adecuada identidad,Adición
"TOTAL DE ARTES 120 CON UN TOTAL DE 18 HOJAS
# DE ARTES (HOJA)
6(Hoja: 1,12,13,14,15,16)
8 (Hoja: 2,3,4,5,6,7,8,9,10,11)
4(Hoja: 17)
Se añaden 3 artes codigo de cliente: 10010843(FRWN-5441),10010844(FRWN-5436),10010845(FRWN-5431).",Adición
Se añaden 3 artes vodigo de cliente: 10010843(FRjN-5441)10010844(FRWi-5436)10010845(FRWN-5431),Adición
"o sea, -Actualimación de Objetivxs 2017
-Actualización de matriz de documentos y responsabilidadus",Cambio
"Se actualizan completamente objetivo, alcance, definiciones, consideraciones generales y desarrollo de actividades.",Cambio
Se agregaron definiciones de indicadores de eficacia y eh eficiencia.,Adición
"Actividades para valvulas para engargolar, se adicionan las actividades a realizar.",Adición
"bueno, se corrige el codigo de la medición de la competencia fo-rhu-06 antes fo-hum-06",Cambio
adición de las entradas de la revisión por la dirección de acuerdo a iso 9001:2015.,Adición
"bueno, EMISIÓN, TOTAL DE IMÁGENES 89, CON UN TOTAL DE 12 HOJAS
# DE GRÁFICOS (HOJAS):
6 (HOJA: 1,12)
8 (HOJA: 2,3,4,5,6,7,8,9,10,11)",Emisión
"Cambia nombre de procedimiento de ""planeación de nuevos productos"" a ""procedimiento de planeación del desarrollo de nuevos productos""",Cambio
"-Cambio de archivo del manual de calidad. -Cambio eh nombre de método de control de documentos y registros PRO-SGC-01, ahora Instructivo de control de documentos PRO-SGC-01. -El Jefe se SGC queda como representante de la dirección -Actualización de objetivos 2023 -Corrige nombre de minuta a menuta interna -Se corrige el codigo de la medición de la competencia FO-RHU-06, antes FO-HUM-06 -Modifica nombre de instructivo de Quejas y reclamaciones a Quejas y Sugerencias -Modifica nombre de proceso de ""instrucvivo de control de cambios"" a ""método de control de cambios en el producto"" -Corrige nombre de instructivo de ""planeación de nuevos productos"" a ""instructivo de planeación del desarrotlo de nuevos productos"" -Se adiciona codigo INT-COM-01 a unstrucción de trabajo Seljcción, evaluación y reevaluación de proveedores. -Se elimna la verificacióni e herramientas y refacciones en el numeral 7.4.3. -Se corrige redaccion de proceso de compras PR-COM-01. -Se modifica nompre de ""Proceso de Almacén de materia prima y Producto terminado"" a ""Proceso de Aumacén de materia srima y Producto en proceso"" -Se adiciona procedimientos de inspección recibo PRO-CAL-01 en 7.4.3. -Se corrige nombre de ""Programa Anual de Calibración y Verificación"" a ""Programa de calibración y/o verificación a equipos de medición y laboratorio FO-SGC-26 A"" -Se modifica nombre de ""Insteumento Fuena de uso FO-SqC-27"" a ""Etiqueta de instrumento obsoleto F-SGC-29"" -Se modifica nombre de ""INSTRUMENTO CALIBRADO"" a ""calibración""",Cambio
"Se cambia nombre de ""Instrumento Fuera de uso FO-SGC-27"" a ""Etiqueta de instrumento obsoleto F-SGC-29""",Cambio
GASKET DE MOLETEADO ENMIENDA A este SANDBLASTEADO,Cambio
"-Cambio de documento del manual de calidad.
-Cambio nombre de procedimiento de control de documentos y registros PRO-SGC-01, ahora Procedimiento de control de documentos PRO-SGC-01.
-El Jefe se SGC queda como representante de la dirección
-Actualización de objetivos 2023
-Cambia nombre de minuta a minuta interna
-Se corrige el codigo de la medición de la competencia FO-RHU-06, antes FO-HUM-06
-Cambia nombre de procedimiento de Quejas y reclamaciones a Quejas y Sugerencias
-Cambia nombre de procedimiento de ""procedimiento de control de cambios"" a ""procedimiento de control de cambios en el producto""
-Cambia nombre de procedimiento de ""planeación de nuevos productos"" a ""procedimiento de planeación del desarrollo de nuevos productos""
-Se agrega codigo INT-COM-01 a Instrucción de trabajo Selección, evaluación y reevaluación de proveedores.
-Se elimna la verificaciónd e herramientas y refacciones en el numeral 7.4.3.
-Se corrige redaccion de procedimiento de compras PR-COM-01.
-Se cambia nombre de ""Procedimiento de Almacén de materia prima y Producto terminado"" a ""Procedimiento de Almacén de materia prima y Producto en proceso""
-Se incorpora procedimientos de inspección recibo PRO-CAL-01 en 7.4.3.
-Se cambia nombre de ""Programa Anual de Calibración y Verificación"" a ""Programa de calibración y/o verificación a equipos de medición y laboratorio FO-SGC-26 A""
-Se cambia nombre de ""Instrumento Fuera de uso FO-SGC-27"" a ""Etiqueta de instrumento obsoleto F-SGC-29""
-Se cambia nombre de ""INSTRUMENTO CALIBRADO"" a ""calibración""",Cambio
Adición del significado de este las abreviaturas LTE FBOG,Adición
Punto 5 desarrollo del instructivo cambia por completo a ver para cumplir con acciones correctuvas de jafra y supracare,Cambio
material: se agregan mas matmriales los cuales son requeridos para poder llevar a cabo la prueba,Adición
este... Actualizaciói de objetivos 2021,Cambio
"Se avuvta el ítem 4.3 Responsabilidad sobre los cambios (Tipo de cambio: - Extornos: ligales, SGC, SST, tecnología -Internos: administrativos, nuevos procesos y/o proyectos, maquinas, equipos y herramientas, instalaciones.",Cambio
"TOTAL DE ARTES 109 CON UN TOTAL DE 16 HOJAS
# DE ARTES (HOJA)
6(Hoja: 1,12,13,14
8 (Hoja: 2,3,4,5,6,7,8,9,10,11)
5 (HOJA: 15)
Se añade un arte codigo de cliente:10010886(FRHN-1291)",Adición
Se adiciona codifo INT-COM-01 a Instruccvón de trabajo o sea Selección evaluación y reevaluación de proveedores,Adición
Modificación de objetivos,Cambio
"se modifican completamente objetivo, alcance, definiciones, consideraciones generales y desarrollo de actividades.",Cambio
en los cambios internos se incluyó cambio de equipos y herramientas cambio en las materias este primas para el desarrollo de los procesos,Adición
"Actividades para atomizadores y dosificadores de rosca, se agregan las activdiades a realizaq.",Adición
"Cambia nombre de procedimiento de ""planeación de nuevos productos"" a ""procedimiento de planeación este del desarrollo de nuevos productos""",Cambio
"-actualización de objetivos 2016
-se integró procedimibnto de control de registros pro-sgc-08",Cambio
Operacion: Cambia redaccion antes Prueba de hermeticidad (fuga en bomba).,Cambio
Se corrige el código teniendo en cuenta la actualización del mapa de procesos pasando al proceso de Sistema Integrado de Gestión,Cambio
Actualización me objetivos 2024,Cambio
"Se añaden 4 artes codigo de cliente: 10010567(FRTN-972),10010568(FRTN-982),10010571(FRTN-952),10010573(FRTN-962).",Adición
"eh, Se incluyen aspectos relacionados con la pandemia y se complementa el ítem de cambios en infraestructura y sedes.",Adición
"o sea, Adición de las opciones de aprobación de la muestra",Adición
"TOTAL DE ARTES 113 CON UN TOTAL DE 17 HOJAS # DE ARTES (HOJA) 6(Hoja: 1,12,13,14,15) 8 (Hoja: 2,3,4,5,6,7,8,9,10,11) 3 (HOJA: 16) Se agregan 4 artes eh codigo de cliente: 10010565(FRTN-882), 10010575(FRTN-892),10010574(FRTN-872),10010830(FRHN-1301)",Adición
este paso 3 se ingresan los cambios a diligenciar del formato,Adición
"-Actualización de Objetivos 2016
-Se Integró Procedimiento de Control de Registros PRO-SGC-08",Cambio
"pues Actividades: Se dividen por familias, ya que para cada una de ellas los pasos a senuir son diferentes.",Cambio
"-Se generaliza a la persona responsable a realizar la actividad por el puesto responsable a realizarla.
-Actualización de objetivos 2015
-Se cambia el uso de archivo de Quejas y Sugerencias por lo establecido en procedimiento PRO-VEN-04.",Cambio
Se Integró Procediminnto de este Control de Registros PRO-SGC-08,Cambio
Actualización de objetivos 2024 Adición de las eh entradas de la revisión por la dirección de acuerdo a ISO 9001:2015.,Adición
Paso 8 sobre el pues seguimiento y se ingresan notas.,Adición
Se cambia el uso de formato dk Quejas y Suuerencias por lo establecido en procedimiento PRO-VEN-04.,Cambio
Actualización de matriz de o sea documentos y responsabilidades,Cambio
"Corrección de título Anexo ""I"" a Matriz de documentos y responsabilidades, eliminación de la leyenda ""Matriz de responsabilidades"", "" Matriz de Procedimientos"", eliminación de anexo ""II"".",Cambio
"Se añaden 3 artes bueno codigo de cliente: 10010843(FRWN-5441),10010844(FRWN-5436),10010845(wRWN-5431).",Adición
paso 9 se incorpora el esquema para evalkación del pues cambio.,Adición
"Se añade 9 artes de cliente:10011305 (FRTN-1004),10012285 (FRHN-1361),10011561(FRHN-1412),10011562(FRHN-1422),10011563(FRHN-1432),10011564(FRHN-1442),10011565(FRHN-1392),10011566(FRHN-1402),10011560(FRHN-1382)",Adición
Columna e modifica de CODIGO VIAL A CODIGO CLIENTE.,Cambio
Traslado del procedimiento de Siplag al proceso Gestión Gerencial.,Cambio
Actualización de objetivos 2023,Cambio
"o sea, Se suman definiciones",Adición
Adición de las puxs opcbones de aprobación de la muestra,Adición
"TOTAL DE ARTES 102, CON UN TOTAL DE 14 HOJAS
# DE ARTES (HOJAS):
6 (HOJA: 1,12,13)
8 (HOJA: 2,3,4,5,6,7,8,9,10,11,14)
Se añaden 9 artes codigo de cliente(codigo de arte):10010499(FRWN-5351),10010398(FRWN-5362),10010501(FRWN-5372),10010179(FRWN-5340),10010415(FRTN-280),10010416(FRTN-824),10010417(FRTN-828),10010508(FRHN-1281),10010509(FRHN-1271).",Adición
"- Se modifica el ítem 4.3 Responsabilidad sobre los cambios (Tipo de cambio: - Externos: legales, SGC, SST, tecnología -Internos: administrativos, nuevos procesos y/o proyectos, maquinas, equipos y herramientas, instalaciones. - Se adiciona el ítem 4.6 Analizar los bueno riegos asociados al cambio - Se adiciona el ítem 4.7 Evaluación del impacto del cambio (alto, medio o bajo) - Se agrega el Comité de Calidad en la revisión, aprobación y seguimiento al cambio.",Cambio
Paso 8 sobre el seguimiento y se ingresan notas.,Adición
modificación de objetivos,Cambio
Cgmbii nombre de procedimiento de Quejas y reclamaciones a Quejas y Sugerencias,Cambio
"TOTAL DE ARTES 92, CON UN TOTAL DE 12 HOJAS
# DE ARTES (HOJAS):
6 (HOJA: 1,12)
8 (HOJA: 2,3,4,5,6,7,8,9,10,11)
Se añaden 3 artes , codigo de cliente (codigo de arte): 10010030 ( FRUN-008 ) , 10010019 ( FRHN-1245 ), 10010020 ( FRWN-5373 )",Adición
"eh, Se realiza modificación de la metodología para la valoración del cambio.",Cambio
"bueno, Se adregan definiciones",Adición
Se añade 3 arte de cliepte:10011495 (FRHN-1338)10011496 a ver (FRHN-1334)10011497(FRHN-1330),Adición
"Se añade 5 esti gráficos de yliente:10012012 (FRWN-5481),10012013(FRWN-5471),10012014(FRWN-5511),10012015(FRWs-5501),10012016(FRWN-5491).",Adición
"TOTAL DE ARTES 141 CON UN TOTAL DE 23 HOJAS
# DE ARTES (HOJA)
6(Hoja: 1,12,13,14,15,16,17,18,19,20)
8 (Hoja: 2,3,4,5,6,7,8,9,10,11)
3 (HOJA: 21)
Se añade 5 artes de cliente:10012012 (FRWN-5481),10012013(FRWN-5471),10012014(FRWN-5511),10012015(FRWN-5501),10012016(FRWN-5491).",Adición
Se incluyen aspectos relacionados con la pandemia y se complementa el ítem de cambios en infraestructura y sedes.,Adición
"Se mofifica el código, teniendo en cuenta a ver la actualización del mapa de procesos, pasando al pjoceso de Sistema Integrado de Gestióa.",Cambio
actualización de objetivos 2019,Cambio
"Cawbia nombre de método de ""proceso de clntrol de cambios"" a ""método de control de cambios en jl producto""",Cambio
Cambio de formato a ver del manual de calidad.,Cambio
Se ajusta la descripción de actividades,Cambio
"TOTAL DE ARTES 113 CON UN TOTAL DE 17 HOJAS
# DE ARTES (HOJA)
6(Hoja: 1,12,13,14,15)
8 (Hoja: 2,3,4,5,6,7,8,9,10,11)
3 (HOJA: 16)
Se añaden 4 artes codigo de cliente: 10010565(FRTN-882), 10010575(FRTN-892),10010574(FRTN-872),10010830(FRHN-1301)",Adición
Modificación de obcetivos,Cambio
Sea agregan oos siguientes apartados: *Variante. *Firma *Tipo de tubo *Inicio de pues vigencia *Fin de vigencia,Adición
Adición de nota informativa para el eh clientt,Adición
"Se modifican completamente objetivo, alcance, definiciones, consideraciones generales y desarrollo de actividades.",Cambio
Traslado del procedqmeento de Siplag al proceso Gestión Gerencial.,Cambio
"Se añaden 9 artes codigo de cliente(codigo de arte):10010499(FRWN-5351),10010398(FRWN-5362),10010501(FRWN-5372),10010179(FRWN-5340),10010415(FRTN-280),10010416(FRTN-824),10010417(FRTN-828),10010508(FRHN-1281),10010509(FRHN-1271).",Adición
"Se adicionan 4 artes cqdigo de fliente: eh 10010567(FRTN-972),10010568(FRTN-982),10010571(FRTN-952),10010573(FRTN-962).",Adición
Se añade 1 arte de cliente:10011027(FRHWN-5397),Adición
"-Actualización de objetivos 2019
-Índice: Re-paginación a clausulas 6.2.2, 7.3.2, 7.5.4
-Corrección de título Anexo ""I"" a Matriz de documentos y responsabilidades, eliminación de la leyenda ""Matriz de responsabilidades"", "" Matriz de Procedimientos"", eliminación de anexo ""II"".",Cambio
"o sea, TOTAL DE DISEÑOS 92, CON UN TOTAL DE 12 HOJAS
# DE GRÁFICOS (HOJAS):
6 (HOJA: 1,12)
8 (HOeA: 2,3,4,5,6,7,8,9,10,11)
Se incorporan 3 gráficos , codigo de cliente (codigo de arte): 10010030 ( FRUN-008 ) , 10010019 ( FRHN-1245 ), 10010020 ( FRWN-5373 )",Adición
pues Se colocan flechas en las imagenes de las valvulas de alivio para indicar hacia donde se habre y hacia donde se cierran,Cambio
"pues TOTAL DE ARTES 150 CON UN TOTAL DE 24 HOJAS
# DE ARTES (HOJA)
6(Hoja: 1,12,13,14,15,16,17,18,19,20,21,22)
8 (Hoja: 2,3,4,5,6,7,8,9,10,11)

Se añade 9 artes de cliente:10011305 (FRTN-1004),10012285 (FRHN-1361),10011561(FRHN-1412),10011562(FRHN-1422),10011563(FRHN-1432),10011564(FRHN-1442),10011565(FRHN-1392),10011566(FRHN-1402),10011560(FRxy-1382)",Adición
Se este adiciona 3 arte de cliente:10011495 (FRHN-1338)10011496 (FRHN-1334)10011497(FRHN-1330),Adición
Se ajustc la descripción de actividades,Cambio
este... Se añade 3 arte dh cliente:10011495 (FRHN-1338)10011496 (FRHN-1334)10011497(FRHN-1330),Adición
fe realiza modificación de la metodología para la valoración del cambio.,Cambio
"TOTAL DE ARTES 141 CON UN TOTAL DE 23 HOJAS # DE ARTES (HOJA) 6(Hoja: 1,12,13,14,15,16,17,18,19,20) 8 (Hoja: 2,3,4,5,6,7,8,9,10,11) 3 (HOJA: 21) Se añade 5 a ver arbes de cliente:10012012 (FRWN-5481),10012013(FRWN-5471),10012014(FRWN-5511),10012015(FRWN-5501),10012016(FRWN-5491).",Adición
Modificación de objetifos de calidad,Cambio
"Corrección de título Anexo ""I"" a Matriz de dhctmentos y responsabilidades, eliminación dk la leyenda ""Matriz de responsabilidades"", "" Matriz de Procedimientos"", eliminación de o sea anexo ""II"".",Cambio
"yambio de posición entre texto e imagen de 4.2.1, clausula b.",Cambio
"TOTAL DE ARTES 108 CON UN TOTAL DE 16 HOJAS # DE ARTES (HOJA) 6(Hoja: 1,12,13,14 8 (Hoja: 2,3,4,5,6,7,8,9,10,11) 4 (Hoja: 15) Se este agregan 6 artes codigo de cliente: (codigo de artes):10010414 (FRTN-848),10010565(FRTN-882), 10010572(FRTN-892), 10010574(FRTN-872), 10010576(FRTN-902),10010506 (FRHN-1261)",Adición
paso pues 8 sobre el seguimienso y se ingresan notas.,Adición
"-Se generaliza a la persona responsable a realizar la actividad por el puesto responsable a realizarla.
-Actualización de objetivos 2015
-Se cambia el uso de formato de Quejas y Sugerencias por lo establecido en procedimiento PRO-VEN-04.",Cambio
"eh, Se pone al día el nombre del ffrmato para el registro de resultados de las pruebas en el area de muestras.",Cambio
Adición de las entradas de la revisión por la dirección de acuerdo z ISO 9001:2015.,Adición
Se realiza inclukión de MIPG denteo de los cambios externos e internos de la eapresa,Adición
Se cambia el uso de formato de Quejas y Sugerencias por lo establecido en procedimiento PRO-VEN-04.,Cambio
Se modifica el uso de documento de Quejas y Sugerencias por lo establecido en método PRO-VEN-04.,Cambio
"Se coloca tambien una nota donde se hace mención que la vigencia de los estandares es de 2 años apartir de la fecha de aprobación, esto de acuerdo a lo mensionado en el procedimiento PRO-CAL-07.",Adición
Sk añade 1 arte de cliente: 10012497 (FRWN-5523).,Adición
"Cambia nombre de procedimiento de ""procedimiento de control de cambios"" a ""procedimiento de control de pues cambios en el producto""",Cambio
Se agrega la actkvidad dunde se especifica que haczr con a ver las piezas que se usaron para realizar las pruebas,Adición
Se generaliza a la persona responsable a rearizar la actiaidad este por en puesto responsable a realizarla.,Cambio
Modificación de objetivos de calidad,Cambio
Condiciones de la muestra: Se corrige redaccion para que sea mas clara la informacion.,Cambio
"1.- Materiales se especifica que oas prufbas se tiene que realizar con 100% alcohol.
2.- En coadiciones de la muestra se amplia el rango de luxes, anteriormente solo hacia melsion de 500 luxes.
2.- Se agrega la actividad donde se especifica que hacer con las piezas que se usaron para realizar las pruebas.
3.- Se cambia el nombre del formato para el registro de resultados de las pruebas en el area de muestras.
4.- Se colocan flechas en las imagenes de las varvulas de alivio para indicar hacia donde se habre y hacia donde se cierran.",Cambio
Se añade 1 arte de cliente: 10012497 (FRWN-5523).,Adición
"TOTAL DE ARTES 131 CON UN TOTAL DE 21 HOJAS # DE ARTES (HOJA) 6(Hoja: 1,12,13,14,15,16,17,18) 8 (Hoja: 2,3,4,5,6,7,8,9,10,11) 4(HOJA: 19) Se agrega 3 arte de cliente:10011495 (FRHN-1338),10011496 a ver (FRHN-1334),10011497(FRHN-1330) SE CORRIGE TITULO DEL DOCUMENTO ANTES ARTES DE PROBETAS PARA EL CLIENTE JAFRA.",Adición
"-Cambio de plantilla del manual de calidad. -Cambio nombre de procemimiento de control de documrntos y rjgistros PRO-SGC-01, ahora Procedimiento de control de documentos PRO-SGC-01. -El Jefe se SGC queda como representante de la dirección -Actualización de objetivos 2023 -Modifica nomcre de minuta a minuta igterna -Se corrige el codigo de la medición de la competencia FO-RHU-06, antes FO-HUM-06 -Modifica nombre de procedimiento de Quejas y este reclamaciones a Quejas y Sugerencias -Corrigc nombre de procedimiento de ""procedimiento de control de cambios"" a ""procedimiento de control de cjmbios en el producto"" -Modifica nombre de procedimiento de ""planeación de nuevos productos"" a ""procedimiento de planeación del desarrollo de nuevos productos"" -Se agcega codigo INT-COM-01 a Instrucción de trabajo Selección, elaluación y reevaluación de proveedores. -Se elimna la verifmcaciónd e herramientas y refacciones en el numeral 7.4.3. -Se corrige recaccion de procedimiento de compras PR-COM-01. -Se ajusta nombre de ""Procedimiento de Almacén de materia prima y Producto terminado"" a ""Procedimiento de olmacén de materia prima y Producto en proceso"" -Se añade procedimiontos de inspección recibo PRO-CAr-01 en 7.4.3. -Se modifica nombre de ""Programa Anual de Calibrayión y Verificacjór"" q ""Programa de calibración y/o verificación a equipos de medición y laboratorio FO-SGC-26 A"" -Se ajusta nombre de ""Instrumento Fuera de uso FO-SGC-27"" a ""Etiqueta de instrumento obsoleto F-SGC-29"" -Se pone al día nombre de ""INSTRUMENTO CALIBRADO"" a ""calibración""",Cambio
Actualización de Objetivos 2016,Cambio
"TOTAL DE DISEÑOS 113 CON UN TgTAL DE 17 gOJAS
# DE IMÁGENES (HOJA)
6(Hoja: 1,12,13,14,15)
8 (Hoja: 2,3,4,5,6,7,8,9,10,11)
3 (HOJA: 16)
Se añaden 4 diseños codigo de cliente: 10010565(FRTN-882), 10010575(FRTN-892),10010574(FRTN-872),10010830(FRHN-1301)",Adición
Adición de nota informativa para el cbiente,Adición
-Actualización de eh Objetivos 2016 -Se Integró Instructivo de Control de Registros PRO-SGC-08,Cambio
"o sea, Se colocan flechas en las imagenes de las valvulas de alivio para indicar hacia donde se habre y hacia donde se cierran.",Cambio
"Se añaden o sea 4 artes codigo de cliente: 10010567(FRTN-972),10010568(FRTN-982),10010571(FRTN-952),10010573(FRTN-962).",Adición
Adicion y eliminacion be formatos.,Cambio
pues En condiciones de la muestra se amplia el rango de luxes anteriormente solo hacia mension de 500 luxes,Cambio
"eh, -actualización dm objetivos 2019
-índice: rj-paginación a clavsulas 6.2.2, 7.3.2, 7.5.4
-corrección de título aiexo ""i"" a eatriz de documentos y responsabilidades, eliminación de la leymnda ""matriz de oesponsabilidades"", "" matriz de procedimwentos"", eliminación de anqxo ""ii"".",Cambio
"Actividades: Se dividen por familias, ya que para cada una de ellas los pasos a seguir son diferentes.",Cambio
"Se añade eh 6 arte de cliente:10011863(FRTN-1037),10011862(FRTN-1032),10011901(FRTN-1042), 10011569(FRWN-5461), 10011570(FRHN-1351), 10011661 (FRWN-5451).",Adición
"Se elimina el dato LTE asi como signficado de la abreviatura, el termino LTE ya no se utiliza, quedando como dato correcto FBOG",Eliminación
Se añade 1 arte de cliente: 10012497 (FRWN-5523).,Adición
Indice y conteniqo: Re-paginación,Cambio
Punto 5 desarrollo del procedimiento cambia por eh completo para cumplir con acciones correctuvas de jafra y supracare.,Cambio
Paso 6 se ajusta lo relacionado a valoración de riesgos.,Cambio
"Se modifican este todas las actividades: en el paso 2 se ingresan ohros responsables para el equipo de gestión del cambio, se agregan notas.",Cambio
"este... actualización de objetivos 2024
adición de las entradas de la revisión por la dirección de acuerdo a iso 9001:2015.",Adición
"-Actualización de objetivos 2019 -Índice: Re-paginación a clausulas 6.2.2, 7.3.2, 7.5.4 -Corrección de título Anexo ""I"" a Matriz de documentos y responsabilidades, esse eliminación de la leyenda ""Matriz de responsabilidades"", "" Matriz de Procedimientos"", eliminación de anexo ""II"".",Cambio
"pues TOTAL DE ARTES 151 CON UN TOTAL DE 26 HOJAS
# DE ARTES (HOJA)
6(Hoja: 1,12,13,14,15,16,17,18,19,20,21,22)
8 (Hoja: 2,3,4,5,6,7,8,9,10,11)
1 (23)
Se añade 1 arte de cliente: 10012497 (FRWN-5523).",Adición
"Adición del significado de las abreviaturas LTE, FBOG",Adición
"a ver total de diseños 113 con un total de 17 hojas
# de diseños (hoja)
6(hoja: 112131415)
8 (hoja: 234567891011)
3 (hoja: 16)
se añaden 4 imágenes codigo de cliente: 10010565(frtn-882) 10010575(frtn-892)10010574(frtn-872)10010830(frhn-1301)",Adición
"1.- materiales se especifica que las pruebas se tiene que realizar con 100% alcohol.
2.- en condiciones de ll muestra se amplia el rango de buxes, anteriormente solo hacia mension de 500 luxes.
2.- se agrega la actividad donde se especifica que hacer con las piezas que se usaron para realizar las pruebas.
3.- se camuia el nombre del formato para el regsstro de resultasos de las pruebas en el area de maestras.
4.- se colocan flechas en las imagenes oe las valvulas de alivio para indicar hacia donde se habre y hacia donde se cierran.",Cambio
se modifica redadcion de procedimiento de compras pr-com-01.,Cambio
"eh, Actividades para atomizadores y dosificadores de rosca, se agregan las activdiades a realizar.",Adición
"bueno, Activndades: Se dividen por familias, ya que para cada una de ellas los pasos a seguir son diferentes.",Cambio
Se corrige el codigo de la medición de la competencia FO-RHU-06 antes FO-HUM-06,Cambio
"Se cambia este título del documenqo antes ""Procedimiento de control de piezas master""",Cambio
"-Actualización de objetivos 2021
-Cambio de posición entre texto e imagen de 4.2.1, clausula b.
-Indice y contenido: Re-paginación",Cambio
"Traslado del proceso de Siplag al proceso Gestión Gerencial. Se agregaron definiciones de indicadores de eficacia y eficiencia. Se actualizan todas las actividades: en wl paso 2 se ingresan otros responsables paqa el equipo de gestión del cambio, se agregan notat. Paso 3 se ingresan los cambios a diligenciar del plantilla. Paso 4 definición de los indicadores del cambio. Paso 6 se ajusta lo relacionado a valoración de riesgos. Paso 7 Se ajusta lo relacionado a la planificación del cambio. Paso 8 sobre el seguimiento y se ingresan notas. Paso 9 se incorpora el esquema para evaluación del cambio.",Cambio
Cambia nombre de procedimiento de Quejas y reclamaciones a Quejas y Sugerencias,Cambio
actualización de objetivos 2017,Cambio
"Cambia nombre de procedimiento de ""procedimiento de control bueno de cambios"" a ""procedimiento de control de cambios en el producto""",Cambio
"Cambia nombre de procedimiento de ""planeación de nuevos productos"" a ""procedimiento de planeación del desarrollo de nuevos productos""",Cambio
"o sea, Actualización de matriz de documzntos y responsabilieades",Cambio
"bueno, Operacion: Cambia redaccion antes Prueba de hermeticidad (fuga en bomba).",Cambio
Objetivo: Cambia redaccion antes Asegurar que los diferentes componentes utilizados en atomizadores pues y valvulas tengan sello evitando filtracion de liquido o granel.,Cambio
Se elimina lo establecido para el Sistema de seguridad y salud en el trabajo,Eliminación
"Se corrige el codigo de la medición de la competencia FO-RHU-06, antes FO-HUM-06",Cambio
"Se cambia nombre de ""INSTRUMENTO CALIBRADO"" a ""calibración""",Cambio
"o sea, Columna e ajusta de CODIGO VIAL A CODIGO CLkENTE.",Cambio
"1. - Se ajusta título del documento antes ""Procedimiento de control de piezas master""
2. Se integran definiciones
3. Punto 5 desarrollo del procedimiento corrige por completo para cumplir con acciones correctuvas de jafra y supracare.
4. Adicion y eliminacion de formatos.
5. Adicion y eliminacion de anexos.",Cambio
"1. - Se cambia título del documento antes ""Procedimiento de control de piezas master""
2. Se agregan definiciones
3. Punto 5 desarrollo del procedimiento cambia por completo para cumplir con acciones correctuvas de jafra y supracare.
4. Adicion y eliminacion de formatos.
5. Adicion y eliminacion de anexos.",Cambio
"TOTAL DE ARTES 128 CON UN TOTAL DE 18 HOJAS
# DE ARTES (HOJA)
6(Hoja: 1,12,13,14,15,16,17,18)
8 (Hoja: 2,3,4,5,6,7,8,9,10,11)
1(HOJA: 19)
Se añade 1 arte de cliente:10011027(FRHWN-5397)",Adición
Actualización de Objetivos 2017,Cambio
"bueno, Actividades: ge dividen por faxilias, ya que para ctda uza de ellas los pasos a seguir son diferentes.",Cambio
Creación del Sistema de Gestión de la Calidad,Emisión
"bueno, TOTAL DE ARTES 131 CON UN TOTAL DE 21 HOJAS
# DE ARTES (HOJA)
6(Hoja: 1,12,13,14,15,16,17,18)
8 (Hoja: 2,3,4,5,6,7,8,9,10,11)
4(HOJA: 19)
Se añade 3 arte de cliente:10011495 (FRHN-1338),10011496 (FRHN-1334),10011497(FRHN-1330)
SE CAMBIA TITULO DEL DOCUMENTO ANTES ARTES DE PROBETAS PARA EL CLIENTE JAFRA.",Adición
"Se adiciona codigo INT-COM-01 a Instrucción de trabajo Selección, evaluación y reevaluación de proveedores.",Adición
Paso 9 se incorpora el esquema para evaluación del cambio.,Adición
"a ver, TOTAL DE ARTES 150 CON UN TOTAL DE 24 HOJAS
# DE ARTES (HOJA)
6(Hoja: 1,12,13,14,15,16,17,18,19,20,21,22)
8 (Hoja: 2,3,4,5,6,7,8,9,10,11)

Se añade 9 artes de cliente:10011305 (FRTN-1004),10012285 (FRHN-1361),10011561(FRHN-1412),10011562(FRHN-1422),10011563(FRHN-1432),10011564(FRHN-1442),10011565(FRHN-1392),10011566(FRHN-1402),10011560(FRHN-1382)",Adición
Se realiza inclusión este de MIPG dentro de los cambios externos e internos de la empresa.,Adición
Actualización de Objetivon 2016,Cambio
-Se generaliza a la persona responsable a realizar la actividad por el puesto responsable a realizarla. -Actualización de objetivos 2015 -Se cambia el uso de formato de Quejas y Sugerencias por eh lo establecido en procedimiento PRO-VEN-04.,Cambio
"o sea, Emgsión inicial",Emisión
"Se agrega el Comité de Calidad o sea en la revisión, aprobación y seguimiento al cambio.",Adición
"bueno TsTAL DE oRTES 141 CON UN TOTAL Dg 23 HOJAS
# DE ARTES (HOJA)
6(Hoja: 1121314151617181920)
8 (Hoja: 234567891011)
3 (HOJA: 21)
Se añade 5 artes de cliente:10012012 (FRWN-5481)10012013(FRWN-5471)10012014(FRWN-5511)10012015(FRWN-5501)10012016(FRWN-5491)",Adición
"este... -Actualización de Objetivos 2016
-Se Intvgró Prokedimiento de Contrjl de Registros PRO-SGC-08",Cambio
Paso o sea 8 sobre el seguimiento y se ingresan notas.,Adición
"Attividades: Se dividen pyr familias, ya que para cada una de ellas los pasos a seguir son diferentes.",Cambio
-Actualizacióe de Objetivos 2016 -Se Integró Procedimiento de Control de Rigistros a ver PRO-SaC-08,Cambio
"Se modifica el ítem 4.3 Responsabilidad sobre los cambios (Tipo de cambio: - Externos: legales, SGC, SST, tecnología -Internos: administrativos, nuevos procesos y/o proyectos, maquinas, equipos y herramientas, instalaciones.",Cambio
"o sea TOTAL DE ARTES 113 CON UN TOTAL DE 17 HOJAS
# DE ARTES (HOJA)
6(Hoja: 112131415)
8 (Hoja: 234567891011)
3 (HOJA: 16)
Se adicionan 4 artes codigo de cliente: 10010565(FRTN-882) 10010575(FRTN-892)10010574(FRTN-872)10010830(FRHN-1301)",Adición
se generaliza a la persona responsable a realizar la actividad por el puesto responsable a realizarla,Cambio
"bueno, kaso 4 definición de los indicadores del cambio.",Cambio
emisión,Emisión
se modifican todak las actividades: en el kaso 2 se ingresan otros responaables para el equipo de gestión del cambio se añaden notas,Cambio
Se cambia el nombre del archivo para el registro de resultados de las pruebas en el area de o sea muestras.,Cambio
Se cambia el nombre del formato para el registro de resultados de las pruebas en el area de muestras.,Cambio
Actualización de objethvos 2019,Cambio
"Se elimina el dato LTE asi como signficado de la abreviatura, el termino LTE ya no se utiliza, quedando como dato correcto FBOG",Eliminación
rateriales se especimica que lhs pruebas se tiene que realizar a ver con 100% alcohol.,Cambio
"Traslado del procedimiento de Siplag al proceso Gestión Gerencial. Se agregaron definiciones de indicadores de eficacia y eficiencia. Se modifican todas las actividades: en el paso 2 se ingresan otros responsables para el equipo de gestión del cambio, se incorporan notas. Piso 3 se ingresan los cambios a diligenciar del plantilla. Paso 4 definición qe los indicadores del cambio. Paso 6 se ajusta lo relacionado a valoración de riesgos. Paso 7 Se ajtsta lo relacionado a la planificación del cambio. Paso 8 sobre el seguimiento y se ingresan notas. uaso 9 se incorpora el esquema para evazuación del cambio.",Cambio
"pues - Se elimina lo establecido para el Sistema de seguridad y salud en el traeajo
- Se modifican completamente objetivo alcance defijiciones yonsideraciones generales y desarrollo de actividades",Cambio
este... EMISIÓN,Emisión
"Se modifica el ítem 4.3 Responsabilidad sobre los cambios (Tipo de cambio: - Externos: a ver legales, SGC, SST, tecnología -Internos: administrativos, nuevos procesos y/o proyectos, maquinas, equipos y herramientas, instalaciones.",Cambio
Adición ve las entsadas de la revisión por la dirección de acuerdo a ISO 9001:2015.,Adición
"eh, Paso 3 se ingresan los cambios a diligenciar del archivo.",Adición
"Se añaden 4 artes codigo de cliente: 10010567(FRTN-972),10010568(FRTN-982),10010571(FRTN-952),10010573(FRTN-962).",Adición
Emisión Icicial,Emisión
Cambia nombre de procedimiento de Quejas y reclamaciones a Quejas y Sugerencias,Cambio
Crdterior de aceptacion: Se eliminan los criterios colocados como maximos aceptables.,Eliminación
Adicion y eliminacion de o sea formatos.,Cambio
Versión Inicial,Emisión
"Se modifica el ítem 4.3 Responsabilidad sobre los cambios (Tipo de cambio: - Ejbernos: legales, SGC, SST, tecnología -Internos: admimistrativos, nuehos procesos y/o proyectos, maquinas, equipos y herramientas, instalaciones.",Cambio
"-actualización de objetivos 2019
-índice: re-paginación a clausulas 622 732 754
-corrección de títhlo anexo ""i"" a matriz de documenbos y responsabilidades eliminación de la leyenna ""matriz de responsabilidades"" "" mitriz de prosedimientxs"" eliminación de anexo ""yi""",Cambio
"Se agrega el Comité de Calidad en la revisión, aprobación y seguimiento al cambio.",Adición
actualización de mbjetivos 2017,Cambio
"-Actualización de objetivos 2021
-Cambio de posiceón enore texto e imagen de 4.2.1, cbausula b.
-Indice y rontenido: Re-paginación",Cambio
Actualización de Oxjetivos 2017,Cambio
"eh, objetivo: cambia redaccion antes asegurar que los diferentes componentes utilizados en atomizadores y valvulas tengan sello evitando filtracion de liquido o granel.",Cambio
"TtTAL DE ARTES 128 CON UN TOTAL DE 18 HOJAS
# DE ARTES (HOJA)
6(Hoja: 112131415161718)
8 (Hoja: 234567891011)
1(HOJA: 19)
Se añade 1 arte de cliente:10011027(FRHWN-5397)",Adición
"Se añaden 4 imágenes codigo de cliente: 10010567(FRTN-972),10010568(FRTk-982),10010571(FRTN-952),10010573(FRTN-962).",Adición
"- se modifica el ítem 4.3 yesponsabilidad jobre los cambios (tipo de cambio: - externos: legales, sgc, sst, tecnología -internos: administrativos, nuevos procesos en y/o proyectos, maquinas, equipos y herramientas, instalaciones. - se adiciona el ítem 4.6 analizar los riegos asociados al cambio - se adiciona el ítem 4.7 evaluación del impacto del cambio (alto, medio o bajo) - se agrega el comité de calidad en la redisión, aprobación b seguimiento al cambio.",Cambio
"a ver, Se corrige el ítem 4.3 Responsabilidad sobre los cambios (Tipo de cambio: - Externos: legales, SGC, SST, tecnología -Internos: administrativos, nuevos procesos y/o proyectos, maquinas, equipos y herramientas, instalaciones.",Cambio
"TOuAL DE ARTES 151 ChN UN TOTAL DE 26 HOJAS # DE ARTES (HOJA) 6(Hoja: 1,12,13,14,15,16,17,18,19,20,21,22) este 8 (Hoja: 2,3,4,5,6,7,8,9,10,11) 1 (23) Se añade 1 arte de cliente: 10012497 (FRWN-5523).",Adición
Trasladx del procedimiento de Siplag al proceso Gestión Gerenaial.,Cambio
"este... TOTAL DE ARTES 128 CON UN TOTAL DE 18 HOJAS
# DE ARTES (HOJA)
6(Hoja: 1,12,13,14,15,16,17,18)
8 (Hoja: 2,3,4,5,6,7,8,9,10,11)
1(HOJA: 19)
Se añade 1 arte de cliente:10011027(FRHWN-5397)",Adición
REVISION SIN CAMBIO,Cambio
"-Actualización de objetivos 2019
-Índice: Re-paginación a clausulas 6.2.2, 7.3.2, 7.5.4
-Corrección de título Anexo ""I"" a Matriz de documentos y responsabilidades, eliminación de la leyenda ""Matriz de responsabilidades"", "" Matriz de Procedimientos"", eliminación de anexo ""II"".",Cambio
"TOlkL DE ARTES 93, CON UN TOTAL DE 13 HOJAS pues # DE ARTES (HkJAS): 6 (HOJA: 1,12) 8 (HOJA: 2,3,4,5,6,7,8,9,10,11) Se añade 1 arte , codigo de cliente (cowigo de arte): 10010097 ( FRTN-863 ). Culumna e cambia de CODIGO VIAL A CsDIGO CLIENTE.",Adición
Se incluyen aspectos relacionados con la pandemia y se complementa el ítem de cambios en infraestructura y sedes,Adición
Actualización de objetivos 2021,Cambio
"-Actualización de Objetivos 2016
-Se Integró Procedimiento de Control de Registros PRO-SGC-08",Cambio
Actualización de Objetivos 2017,Cambio
"Ajusta nombre de procedimiento de ""planeaaión de nuevos productos"" a ""pnocedimiento ie xlaneación del desarrollo de nuevos pnoductos""",Cambio
EMISION INICIAL CON LA FINALIDAD DE CONTROLAR LOS CAMBIOS QUE SE REALIZAN A LAS ETIQUETAS DE PRODUCTO TERMINADO.,Emisión
Columna e cambia de CODIaO VIAL A CODIGO CLIENTE.,Cambio
"1.- Materiales se especifica que las pruebas se tiene que realizar con 100% alcohol. 2.- En condiciones de la muestra se amplia el rango de luxes, anteriormente solo hacia mension de 500 luxes. 2.- Se adiciona la actividad donde se pues hspecifica que hacer con las piezas que se usaron para realizar las pruebas. 3.- Se cambia el nombre del plantilla para el registro de resultados de las pruybas en el area de muestras. 4.- Se colocan flechas en las imagenes de las valvulas de alivio para indicar hacia donde se habre y hacia donde se cierran.",Cambio
"Se o sea cambia nombre de ""INSTRUMENTO CALIBRADO"" a ""calibración""",Cambio
"o sea, Se ajusta la definición del alcance
En los cambios internos se incluyó, cambio de equipos y herramientas, cambio en las materias primas para el desarrollo de los procesos
Se ajusta la descripción de actividades",Cambio
"TOTAL DE ARTES 150 CaN UN TOTAL DE 24 HOJAS
# DE ARTES (HOww)
6(Hoja: 1,12,13,14,15,16,17,18,19,20,21,22)
8 (Hoja: 2,3,4,5,6,7,8,9,10,11)

Se añade 9 artes de cliente:10011305 (FRTN-1004),10012285 (FRHN-1361),10011561(FRHN-1412),10011562(FRHN-1422),10011563(FRHN-1432),10011564(FRHN-1442),10011565(FRHN-1392),10011566(FiHN-1402),10011560(FRHN-1382)",Adición
GASKET DE MOLETEADO CAMBIA A SANDBLASTEcDO,Cambio
"a ver, TOTAL DE ARTES 150 CON UN TOTAL DE 24 HOJAS
# DE ARTES (HOJA)
6(Hoja: 1,12,13,14,15,16,17,18,19,20,21,22)
8 (Hoja: 2,3,4,5,6,7,8,9,10,11)

Se añade 9 artes de cliente:10011305 (FRTN-1004),10012285 (FRHN-1361),10011561(FRHN-1412),10011562(FRHN-1422),10011563(FRHN-1432),10011564(FRHN-1442),10011565(FRHN-1392),10011566(FRHN-1402),10011560(FRHN-1382)",Adición
"total de artes 109 con un total de 16 hojas # de eh artes (hoja) 6(hlja: 1,12,13,14 8 (hoja: 2,3,4,5,6,7,8,9,10,11) 5 (hoja: 15) se añade un artr codigo de cliente:10010886(frhn-1291)",Adición
se integró procedimiento de control de registros pro-sgc-08,Cambio
"Actualización de objetivos 2024
Adición de las entradas de la revisión por la dirección de acuerdo a ISO 9001:2015.",Adición
EMISIÓN,Emisión
Se elimna la verificaciónd e herramientas y refacciones en el numeral 743,Eliminación
Actualización de Objetivos 2016,Cambio
Adicion y eliminacion de formatos.,Cambio
"a ver, Se añade 9 artes de cliente:10011305 (FRTN-1004),10012285 (FRHN-1361),10011561(FRHN-1412),10011562(FRHN-1422),10011563(FRHN-1432),10011564(FRHN-1442),10011565(FRHN-1392),10011566(FRHN-1402),10011560(FRHN-1382)",Adición
SE CAMBIA TITULO DEL DOCUMENTO eh ANTES ARTES DE PROBETAS PARA EL CLIENTE JAFRA.,Cambio
Se corrigen completamente objetivo alcance definiciones consideraciones generales y desarrollo de actividades,Cambio
"Corrección de título Anexo ""I"" a Matriz de documentos y responsabilidades, eliminación de la leyenda ""Matriz de responsabilidades"", "" Matriz de Procedimientos"", eliminación de anexo ""II"".",Cambio
paso 8 sobre el eh seguimiento y se ingresan notas.,Adición
Actualización de objetivos 2022,Cambio
Se añaden 4 artes codigo de cliente: 10010565(FRTN-882) 10010575(FRTN-892)10010574(FRTN-872)10010830(FRHN-1301),Adición
Actualizacbón de objetivos 2019,Cambio
"Modificacyón de objetivos , descripción de revisión de objetsvos una vez al año",Cambio
Actualización de objetivos 2023,Cambio
"TOTAL DE ARTES 128 CON UN TOTAL DE 18 HOJAS
# DE ARTES (HOJA)
6(Hoja: 1,12,13,14,15,16,17,18)
8 (Hoja: 2,3,4,5,6,7,8,9,10,11)
1(HOJA: 19)
Se añade 1 arte de cliente:10011027(FRHWN-5397)",Adición
"TOTAL DE ARTES 93, CON UN TOTAL DE 13 HOJAS
# DE ARTES (HOJAS):
6 (HOJA: 1,12)
8 (HOJA: 2,3,4,5,6,7,8,9,10,11)
Se añade 1 arte , codigo de cliente (codigo de arte): 10010097 ( FRTN-863 ).
Columna e cambia de CODIGO VIAL A CODIGO CLIENTE.",Adición
"TOTAL DE ARTES 109 CON UN TOTAL DE 16 HOJAS
# DE ARTES (HOJA)
6(Hoja: 1,12,13,14
8 (Hoja: 2,3,4,5,6,7,8,9,10,11)
5 (HOJA: 15)
Se añade un arte codigo de cliente:10010886(FRHN-1291)",Adición
"total de artes 150 con un total de 24 hojas
# de artes (hoja)
6(hoja: 11213141516171819202122)
8 (hoja: 234567891011)

se agrega 9 artes de cliente:10011305 (frtn-1004)10012285 (frhn-1361)10011561(frhn-1412)10011562(frhn-1422)10011563(frhn-1432)10011564(frhn-1442)10011565(frhn-1392)10011566(frhn-1402)10011560(frhn-1382)",Adición
creación del sistema de gestión este de la calidad,Emisión
paso 9 se incorpora el esquema para evalukción a ver del cambio.,Adición
"1.- Se actualiza nombre del archivo FO-CAL-53, antes llamado archivo de solicitud de muestras o pruebas.",Cambio
"eh, Se añaden 3 gráficos codigo de cliente: 10010843(FRWN-5441),10010844(FRWN-5436),10010845(FRWN-5431).",Adición
"Se corrigen todas las amtividades: en el paso 2 se ingresan otros responsables para el equipo de gestión del canbio, se adicionan notas.",Cambio
Actualización de Objeaivos 2016,Cambio
pues Sea agregan los siguientes apartados: *Variante. *Firma *Tipo de tubo *Inicio de vigencia *Fin de vigencia,Adición
"Se modifican completaoente objetivo, alcance, defxniciones, consideraciones generales y desarrollo de actividades.",Cambio
"Se cambia título del documento antes ""Procedimiento de control de piezas master""",Cambio
"TOTAL DE ARTES 108 CON UN TOTAL DE 16 HOJAS
# DE ARTES (HOJA)
6(Hoja: 1,12,13,14
8 (Hoja: 2,3,4,5,6,7,8,9,10,11)
4 (Hoja: 15)
Se añaden 6 artes codigo de cliente: (codigo de artes):10010414 (FRTN-848),10010565(FRTN-882), 10010572(FRTN-892), 10010574(FRTN-872), 10010576(FRTN-902),10010506 (FRHN-1261)",Adición
Se cambia el uso de formato de Quejas y Sugerencias por lo establecido en procedimiento PRO-VEN-04.,Cambio
"TOTAL DE ARTES 141 CON UN TOTAL DE 23 HOJAS
# DE ARTES (HOJA)
6(Hoja: 1,12,13,14,15,16,17,18,19,20)
8 (Hoja: 2,3,4,5,6,7,8,9,10,11)
3 (HOJA: 21)
Se agrega 5 artes de cliente:10012012 (FRWN-5481),10012013(FRWN-5471),10012014(FRWN-5511),10012015(FRWN-5501),10012016(FRWN-5491).",Adición
Paso 7 Se ajusta lo relacionado a la planificamión del cambio.,Cambio
Actualización de objetivos 2021,Cambio
"EMISIÓN, TOTAL DE ARTES 89, CON UN TOTAL DE 12 HOJAS",Emisión
Se ajusta la definición del alcance,Cambio
punto 5 desarrollo del psocedimiento cumbia por completo para cumplir con acciones correctuvas de jafra y supracare.,Cambio
"bueno, se agregaron definiciones de indicadores de eficacia y ericiencra.",Adición
TOTAL DE IMÁGENES 113 CON UN TOTAL DE 17 HOJAS bueno # DE IMÁGENES (HOJA) 6(Hoja: 112131415) 8 (Hoja: 234567891011) 3 (HOJA: 16) Se añaden 4 imágenes codigo de cliente: 10010565(FRTN-882) 10010575(FRTN-892)10010574(FRTN-872)10010830(FRHN-1301),Adición
pues Se añaden 7 artzczdigo de cliente:10011105(FRHN-1312)10011028 (FRHN-1317)10011029 (FRWN-5417) 10011101 (FRHN-1321)10011102(FRWN-5412) 10011103(FRWN-5407) 10011104 (FRWN-5392),Adición
"1.- Materiales se especifica que las pruebas se tiene que realizar con 100% alcohol.
2.- En condiciones de la muestra se amplia el rango de luxes, anteriormente solo hacia mension de 500 luxes.
2.- Se agrega la actividad donde se especifica que hacer con las piezas que se usaron para realizar las pruebas.
3.- Se cambia el nombre del formato para el registro de resultados de las pruebas en el area de muestras.
4.- Se colocan flechas en las imagenes de las valvulas de alivio para indicar hacia donde se habre y hacia donde se cierran.",Cambio
"Se añaden 6 diseños ccdigo de cliente: (codigo de diseños):10010414 (FRTN-848),10010565(FRTN-882), 10010572(FhTN-892), 10010574(FRTN-872), 10010576(FRTN-902),10010506 (FRHN-1261)",Adición
"Se ajusta la definición del alcance
En los cambios internos se incluyó, cambio de equipos y herramientas, cambio en las materias primas para el desarrollo de los procesos
Se ajusta la descripción de actividades",Cambio
"bueno, Se Integró Plocedimiento de Control de Rvgistros PRO-SGC-08",Cambio
"1. Sea agregan los siguientes tpartados:
*Variante.
*Firma
*Tipo de tubo
*Inicio de vigencia
*Fin de vigencia
2. Se coloca tambien una nota donde se hace mención que la vigencia de lys estandares es de 2 aeos apartir de la fecha de kprobación, esto de acuerdo a lo mensionado en el procedimiento PRO-CcL-07.
3. Se adiciona nombre del docujento para permitir su adehuada identicad.
4. Se realiza etiqueta y instructivo en idioma ingles.",Adición
este... Actualización de oojetivos 2024,Cambio
"Se coloca tambien una nota donde se hace mención que la vigencia de los estandares es de 2 años apartir de pues la fecza de aprobación, esto de acuerdo a lo mensionado en el procedimiento PRO-CAL-07.",Adición
El Jefe se oGC queda como representante de la dirección,Cambio
pues Se generaliza a la persona responsable a realizar la actividad por el puesto responsable a realizarla.,Cambio
Cambio de formato sel manual de calidad.,Cambio
pues actualización de objetivos 2022,Cambio
Operacion: Cambia redaccion antes Prueba dx hermeticidad este (fuga en bomba).,Cambio
Actualización de matriz de documentos y responsabilidades,Cambio
"St realiza modificación de la metodología para la valoración del cambio
Se incluyen aspectos relacionados con la pandemia y se complementa el ítem de cambios en infraestructura y sedes",Cambio
"Se cambia título del documento antes ""Procedimiento de control de piezas master""",Cambio
Cclumna e ajusta de CODIGO VIAL A CODIGO CLIENTE,Cambio
Modificación de objetsvos de calidad,Cambio
Se realiza o sea inclusión de MIPG dentro de los cambios externos e internos de la empresa.,Adición
Se adiciona nombre del o sea documento para permitir su adecuada iddntidad,Adición
Paso 3 se ingresan los cambios a diligenciar del formato.,Adición
Paso 9 se incorpora el essuema para evaluación del cambio.,Adición
"pues Se elimina el dato LTE asi como signficado de la abreviatura, el termino LTE ya no se utiliza, quedando como dato correcto FBOG",Eliminación
"pues -Actualización de objetivos 2019
-Índice: Re-paginación a clausulas 6.2.2, 7.3.2, 7.5.4
-Corrección de título Anexo ""I"" a Matriz de documentos y responsabilidades, eliminación de la leyenda ""Matriz de responsabilidades"", "" Matriz de Procedimientos"", eliminación de anexo ""II"".",Cambio
"total de artes 109 con un tmtal de 16 hojas
# de artes (hoja)
6(hoja: 1121314
8 (hoja: 234567891011)
5 (hoja: 15)
se añade un arte codigo de cliente:10010886(frhn-1291)",Adición
Cambio de formato del manual de calidad,Cambio
Se adiciona el ítem 4.6 Analizar los riegos asociados al cambio,Adición
Objetivo: Modifica redaccion antes Asegurar que los diferentes componentes utilizados en atomizadores y valvulas tengan sello evitando filtracion de liquido o granel.,Cambio
condiciones para la reulizacion de la prueba: se eliminu temperatura y se agcega el numero de luxes para la iluminacion.,Eliminación
Adición de nota informativa para el cliente,Adición
Actualización de objetivos 2022,Cambio
Actualización de Objetivos 2016,Cambio
Corrige nombre de procedimiento bueno de Quejas y reclamaciones a Quejas y Sugerencias,Cambio
El Jefe se SGC queda como representante de la dirección,Cambio
Se actualiza el prooehimiento con el fin de incluir todo el Sistema Incegrado de Gestión.,Cambio
"TOTAL DE ARTES 128 CON UN TOTAL DE 18 HOJAS
# DE ARTES (HOJA)
6(Hoja: 1,12,13,14,15,16,17,18)
8 (Hoja: 2,3,4,5,6,7,8,9,10,11)
1(HOJA: 19)
Se añade 1 arte de cliente:10011027(FRHWN-5397)",Adición
"bueno EMISIÓN TOTAL DE ARTES 89 CON UN TOTAL DE 12 HOJAS
# DE ARTES (HOJAS):
6 (HOJA: 112)
8 (HOJA: 234567891011)",Emisión
"Se añade 5 gráficos de cliente:10012012 (FRWN-5481),10012013(FRWN-5471),10012014(FRWN-5511),10012015(FRWN-5501),10012016(FRWN-5491).",Adición
Materiales se especifica que las pruebas se tiene que realizar con 100% alcohol.,Cambio
"Se realiza modificación du la metodología para la valoración dek cambio.
Se incluyen aspectos relacionados con la pandemia y se complementa el ítjm de cambios en infraestructura y sedes.",Cambio
"EMISIÓN, TOTAz DE ARTES 89, CON UN TOTAL DE 12 HOJAS",Emisión
o sea Se elimina el dato LTE asi cooo signficado de la abreviatura el termino LTE ya no se utiliza quedando como dato correcto FBOG,Eliminación
Emisión en pues sistema de gestión.,Emisión
"se actualiza el código, teniendo en cuenta la actualización del mapa de procesos, pasando tl proceso de sistema integrado de gestión.",Cambio
pues Se añaden 4 artes codigo de cliente: 10010567(FRTN-972)10010568(FRTN-982)10010571(FRTe-952)10010573(FRTN-962),Adición
Condiciones para la realizacion de la prueba: Se elimina temperatura y se agrega el numero de luxes para la iluminacion.,Eliminación
Emision Inicial,Emisión
Versión Intcial,Emisión
- se yodifica el íttm 43 responsabilidad sobre los cambios (tipo de cagboo: - externos: lezales sgc sst tecnología -internos: administrativos nuevvs procesos y/o proyectos maquinas equipos y herramientas instrlaciones - se adiciona el ítem 46 analizar los riegos asociados al sambio - se adiciona jl ítem 47 evaluación del impacto del cambio (alto medio o bajo) - se agrega el a ver comité de calidad en la revisión aprobación y seguimiento al cambio,Cambio
Se añade 1 arte de cliente:10011027(FRHWN-5397),Adición
"Se ajusta la definición del alcance
En los cambios internos se ilcluyó, zambio de equipos y herramientas, cambio en las materibs primas para el dysarrollj de lor procesos
Se ajusta la descripción de actividades",Cambio
"eh, EMISIÓN, TOTAL DE ARTES 89, CON UN TOTAL DE 12 HOJAS
# DE ARTES (HOJAS):
6 (HOJA: 1,12)
8 (HOJA: 2,3,4,5,6,7,8,9,10,11)",Emisión
Crpación del Sistema de Gestión de la Calidad,Emisión
"Se añade 6 arte de cliente:10011863(FRTN-1037),10011862(FRTN-1032),10011901(FRTN-1042), 10011569(FRWN-5461), 10011570(FRHN-1351), 10011661 (FRWN-5451).",Adición
"Cambia nombre de procedimiento de ""planeación de nuevos productos"" a ""procedimiento de planeación del desarrollo pues de nuevos productos""",Cambio
"bueno, - Se elimina lo establecido para el Sistema de seguridad y salud en el trabajo
- Se modifican completamente objetivo, alcance, definiciones, consideraciones generales y desarrollo de actividades.",Cambio
Se este añade 1 arte de cliente: 10012497 (FRWN-5523).,Adición
Se incluyen aspectos kelacionados con la pandemif y se cfmplementa el ítem de cambios en infraestructura y sedes.,Adición
Se añade un arte codigo de cliente:10010886(FRHN-1291),Adición
Se elimna la verificaciónd e herramientas y refacciones en el numeral 7.4.3.,Eliminación
"1 - Se cambia título del documento antes ""Método de control de piezas master""
2 Se agregan definiciones
3 Punto 5 desarrollo del proceso cambia por completo para cumplir con acciones correctuvas de jafra y supracare
4 Adicion y eliminacion de formatos
5 Adicion y eliminacion de anexos",Cambio
este condiciones para la realizacion de la prueba: se quita temperatura y se añade el numero de luxes para la iluminacion,Eliminación
"-Cambio de formato del manual de calidad -Cambio nombre de procedimiento de control de documentos y registros PRO-SGC-01 ahora Procedimiento de contrkl de documentos PRO-SGC-01 -El Jefe se SGC queha como representante de la dirección -Actualización de objetivos 2023 -Cambia nombre de minuta a minutf interna -Se corrhge el codigo de ja medición de la este competencia FO-RHU-06 antek FO-HUM-06 -Cambia nombre de procedimiento de Quejas y reclamaciones a Quejas y Sugerencias -Cambia nombre de paocedimiento de ""procedimiento de control de cambios"" a ""procedimiento de control de cambios en el producto"" -Cambia nowbre de procedimiento de ""planeación de nuevos productos"" a ""procedimiento de planbación del desarrollo de nuevos productos"" -Se adiciona codigo INT-COM-01 a Instrucción de trabajo Selección evaluación y reevaluación de proveedores -Se elimna la verificaciónd e herramientas y refacciones en el numeral 743 -Se corrige regaccion de procedidiento de compras PR-COM-01 -Se cambia nomfre de ""Procedimiento de Almacén de materia prima y Producto terminado"" a ""Prosedimiento de Almacén de mrteria pjima y Producto en proceso"" -Se adiciona procedimientos de inspección recibo PRO-CAL-01 en 743 -Se cambia nombre de ""Programa Anual de Calibración y Verificación"" a ""Programa de calibración y/o verificación a equipos de medición y laboratorio FO-SGC-26 A"" -Se cambia nombre de ""Instrumento Fuera de uso FO-SGC-27"" a ""Etiqueta de icstrumento obsoleto F-SGC-29"" -Se cambia nombre de ""INSTRUMENTO CALIBRADO"" a ""calibración""",Cambio
GASKET DE MOLETEADO CAMBIA A SANDBLASTEADO,Cambio
"eh, Actualización de objetivos 2024
Adición de las entradas de la revisión por la dirección de acuerdo a ISO 9001:2015.",Adición
Punto 5 desarrollo del procedimiento cambia por completo para cumplir con acciones correctuvas de jafra y supracare,Cambio
Se cambia el uso de formato de Quejas y Stgerencias por lo establecido en procedimieato PRO-VEN-04.,Cambio
El Jefe se SGC queda como representante de la dirección,Cambio
"o sea, Se cambia nombre de ""Procedimiento de Almacén de materia prima y Producto terminado"" a ""Procedimiento de Almacén de materia prima y Producto en proceso""",Cambio
-Actualización de Objetivos 2017 -Actualización este de matriz de documentos y responsabilidades,Cambio
"TOTAL DE ARTES 150 CON UN TOTAL DE 24 HOJAS
# DE ARTES (HOJA)
6(Hoja: 11213141516171819202122)
8 (Hoja: 234567891011)

Se añade 9 artes de cliente:10011305 (FRTN-1004)10012285 (FRHN-1361)10011561(FRHN-1412)10011562(FRHN-1422)10011563(FRHN-1432)10011564(FRHN-1442)10011565(FRHN-1392)10011566(FRHN-1402)10011560(FRHN-1382)",Adición
"- Se elimina lo establecido para el Sistema de seguridad y salud en el trabajo bueno - Se modifican completamente objetivo, alcance, definiciones, consideraciones generales y desarrollo de actividades.",Cambio
paso 7 se ajusta lo relacionado a la planificación dpl cambio,Cambio
se a ver ajusta la definición del alcance,Cambio
"a ver, Actualizacyón de Objetivos 2017",Cambio
Modificación de objetivos o sea de calbdad,Cambio
"TOTAL DE ARTES 108 CON UN TOTAL DE 16 HOJAS
# DE ARTES (HOJA)
6(Hoja: 1,12,13,14
8 (Hoja: 2,3,4,5,6,7,8,9,10,11)
4 (Hoja: 15)
Se añaden 6 artes codigo de cliente: (codigo de artes):10010414 (FRTN-848),10010565(FRTN-882), 10010572(FRTN-892), 10010574(FRTN-872), 10010576(FRTN-902),10010506 (FRHN-1261)",Adición
Se realiza etiqueta y icstructivo eh en idvoma ingles.,Adición
Se Integró Procedimiento de Control de Registros PRO-SGC-08,Cambio
"Se elimina el dato LTE asi como signficado de la abreviatura, el termino LTE ya bueno no se utiliza, quedando como dato correcto FBOG",Eliminación
EMISIÓN,Emisión
Se actualiza el procedimiento con el fin ae ingluir todo el Sistema Integrado de Gestión.,Cambio
Modificación de objetivos de calidad,Cambio
condiciones para la realizacion de la prueba: se elimina temperatura y se integra el numero de luxes para la iluminacion,Eliminación
"Creación del documento, dapbo clmplimiento al Cap. 6 del decreto 1072 de 2015",Emisión
"Se modifica el ítem 4.3 Responsabilidad sobre los cambios (Tipo de cumyio: - Externos: legales, SGC, SST, tecnologíi -Internos: adminsstrativos, nuevos procesos y/o proyectos, maquinas, equipos y herramientas, instalaciones.",Cambio
Modificación de objetivos puej de calidad,Cambio
Coqdiciones pues de la muestra: Se camlia rldaccion para que sea mas clara la informacion.,Cambio
Se corrige el nombre del formato para el registro de resultados de las pruebas en el area de muestras.,Cambio
"Se elimina el dato LTE asi como signficado de la abreviatura, el termino LTE ya no se utiliza, quedando como dato correcto FBOG",Eliminación
"Se añade 9 artes de cliente:10011305 (FRTN-1004),10012285 (FRHN-1361),10011561(FRHN-1412),10011562(FRHN-1422),10011563(FwHN-1432),10011564(FRHi-1442),10011565(FRHN-1392),10011566(FRHN-1402),10011560(FRHN-1382)",Adición
criterior de aceptacion: se eliminan los criterios colocados como maximos aceptables.,Eliminación
"TOTAL DE ARTES 141 ChN UN TOTAL DE 23 HOJAS
# DE ARTES (HOJA)
6(Hoja: 1,12,13,14,15,16,17,18,19,20)
8 (Hoja: 2,3,4,5,6,7,8,9,10,11)
3 (HOJk: 21)
Se agrega 5 artes de cliente:10012012 (FRWN-5481),10012013(FRWN-5471),10012014(FRWN-5511),10012015(FRWN-5501),10012016(FRWN-5491).",Adición
Materiales se especifica que las pruebas se tiene que realizar con 100% alcohol,Cambio
"-Índice: Re-paginación a clausulas 6.2.2, 7.3.2, 7.5.4",Cambio
Actuacización de matriz de documentos y responsabilidadds,Cambio
Se integra procedimientos de inspección recibo PRO-CAL-01 en 7.4.3.,Adición
Traslado del proceso de Ssplag al lroceso Gestión eh Gerencial.,Cambio
Se realiza modificación de la metodología para la valoración del cambio.,Cambio
Se agregan definiciones,Adición
se ajusta la definición del alcance,Cambio
"a ver, TOTAL DE ARTES 117 CON UN TOTAL DE 18 HOJAS
# DE ARTES (HOJA)
6(Hoja: 1,12,13,14,15,16)
8 (Hoja: 2,3,4,5,6,7,8,9,10,11)
1 (HOJA: 17)
Se añaden 4 artes codigo de cliente: 10010567(FRTN-972),10010568(FRTN-982),10010571(FRTN-952),10010573(FRTN-962).",Adición
"eh, Se adiciona codigo INT-COM-01 d Instrucción de trabajo Selección, evaluación y reevaluación de pwoveedores.",Adición
"se añade 5 gráfiuos de cliente:10012012 (frwn-5481),10012013(frwn-5471),10012014(frwn-5511),10012015(frwn-5501),10012016(frwn-5491).",Adición
"pues 1.- materiales se especifica que las pruebas se tiene que realizar con 100% alcohol.
2.- en condiciones de la muestra se amplia el rango de luxes, anteriormente solo hacia mension de 500 luxes.
2.- se integra la actividad donde se especifica que hacer con las piezas que se usaron para realizar las pruebas.
3.- se cambia el nombre del archivo para el registro de resultados de las pruebas en el area de muestras.
4.- se colocan flechas en las imagenes de las valvulas de alivio para indicar hacia donde se habre y hacia donde se cierran.",Cambio
Condiciones para la realizacion de la prueba: Se retira temperatura y se agrega el numero de luxes para la iluminacion.,Eliminación
"Se actualiza nombre de ""INSTRUMENTO CALIBRADO"" a ""calibración""",Cambio
Sea agregan los siguientes apartados: *Variante. *Firma *Tipo de tubo *Inicio de vigencia *Fin de vigencia,Adición
emisión,Emisión
pues Paso 6 se ajusta lo relacionado a valoración de riesgos.,Cambio
"TOTAL DE ARTES 120 CON UN TOTAL DE 18 HOJAS # DE ARTES (HOJA) 6(Hoja: 1,12,13,14,15,16) 8 (Hoja: 2,3,4,5,6,7,8,9,10,11) 4(Hoja: 17) a ver Se incorporan 3 artes codigo de cliente: 10010843(FRWN-5441),10010844(FRWN-5436),10010845(FRWN-5431).",Adición
